COOP:021248,'CANYON DE CHELLY AZ US',200001,28,376
COOP:021248,'CANYON DE CHELLY AZ US',200002,35,418
COOP:021248,'CANYON DE CHELLY AZ US',200003,273,427
COOP:021248,'CANYON DE CHELLY AZ US',200004,35,567
COOP:021248,'CANYON DE CHELLY AZ US',200005,6,659
COOP:021248,'CANYON DE CHELLY AZ US',200006,10,733
COOP:021248,'CANYON DE CHELLY AZ US',200007,60,770
COOP:021248,'CANYON DE CHELLY AZ US',200008,121,770
COOP:021248,'CANYON DE CHELLY AZ US',200009,40,676
COOP:021248,'CANYON DE CHELLY AZ US',200010,226,545
COOP:021248,'CANYON DE CHELLY AZ US',200011,82,351
COOP:021248,'CANYON DE CHELLY AZ US',200012,20,343
COOP:021248,'CANYON DE CHELLY AZ US',200101,85,300
COOP:021248,'CANYON DE CHELLY AZ US',200102,47,397
COOP:021248,'CANYON DE CHELLY AZ US',200103,46,463
COOP:021248,'CANYON DE CHELLY AZ US',200104,41,542
COOP:021248,'CANYON DE CHELLY AZ US',200105,55,660
COOP:021248,'CANYON DE CHELLY AZ US',200106,23,749
COOP:021248,'CANYON DE CHELLY AZ US',200107,98,785
COOP:021248,'CANYON DE CHELLY AZ US',200108,131,747
COOP:021248,'CANYON DE CHELLY AZ US',200109,9,709
COOP:021248,'CANYON DE CHELLY AZ US',200110,1,581
COOP:021248,'CANYON DE CHELLY AZ US',200111,31,452
COOP:021248,'CANYON DE CHELLY AZ US',200112,89,346
COOP:021248,'CANYON DE CHELLY AZ US',200201,10,350
COOP:021248,'CANYON DE CHELLY AZ US',200202,0,360
COOP:021248,'CANYON DE CHELLY AZ US',200203,0,442
COOP:021248,'CANYON DE CHELLY AZ US',200204,31,597
COOP:021248,'CANYON DE CHELLY AZ US',200205,0,647
COOP:021248,'CANYON DE CHELLY AZ US',200206,0,761
COOP:021248,'CANYON DE CHELLY AZ US',200207,112,806
COOP:021248,'CANYON DE CHELLY AZ US',200208,87,766
COOP:021248,'CANYON DE CHELLY AZ US',200209,141,679
COOP:021248,'CANYON DE CHELLY AZ US',200210,50,533
COOP:021248,'CANYON DE CHELLY AZ US',200211,58,417
COOP:021248,'CANYON DE CHELLY AZ US',200212,58,328
COOP:021248,'CANYON DE CHELLY AZ US',200301,13,393
COOP:021248,'CANYON DE CHELLY AZ US',200302,125,386
COOP:021248,'CANYON DE CHELLY AZ US',200303,74,458
COOP:021248,'CANYON DE CHELLY AZ US',200304,1,527
COOP:021248,'CANYON DE CHELLY AZ US',200305,0,661
COOP:021248,'CANYON DE CHELLY AZ US',200306,0,728
COOP:021248,'CANYON DE CHELLY AZ US',200307,67,815
COOP:021248,'CANYON DE CHELLY AZ US',200308,66,782
COOP:021248,'CANYON DE CHELLY AZ US',200309,78,680
COOP:021248,'CANYON DE CHELLY AZ US',200310,83,595
COOP:021248,'CANYON DE CHELLY AZ US',200311,50,423
COOP:021248,'CANYON DE CHELLY AZ US',200312,157,355
COOP:021248,'CANYON DE CHELLY AZ US',200401,37,326
COOP:021248,'CANYON DE CHELLY AZ US',200402,57,356
COOP:021248,'CANYON DE CHELLY AZ US',200403,21,515
COOP:021248,'CANYON DE CHELLY AZ US',200404,124,543
COOP:021248,'CANYON DE CHELLY AZ US',200405,0,653
COOP:021248,'CANYON DE CHELLY AZ US',200406,44,738
COOP:021248,'CANYON DE CHELLY AZ US',200407,4,776
COOP:021248,'CANYON DE CHELLY AZ US',200408,26,741
COOP:021248,'CANYON DE CHELLY AZ US',200409,266,657
COOP:021248,'CANYON DE CHELLY AZ US',200410,100,546
COOP:021248,'CANYON DE CHELLY AZ US',200411,111,414
COOP:021248,'CANYON DE CHELLY AZ US',200412,82,333
COOP:021248,'CANYON DE CHELLY AZ US',200501,130,394
COOP:021248,'CANYON DE CHELLY AZ US',200502,262,399
COOP:021248,'CANYON DE CHELLY AZ US',200503,34,456
COOP:021248,'CANYON DE CHELLY AZ US',200504,115,538
COOP:021248,'CANYON DE CHELLY AZ US',200505,48,644
COOP:021248,'CANYON DE CHELLY AZ US',200506,28,706
COOP:021248,'CANYON DE CHELLY AZ US',200507,49,800
COOP:021248,'CANYON DE CHELLY AZ US',200508,149,742
COOP:021248,'CANYON DE CHELLY AZ US',200509,55,683
COOP:021248,'CANYON DE CHELLY AZ US',200510,74,558
COOP:021248,'CANYON DE CHELLY AZ US',200511,5,440
COOP:021248,'CANYON DE CHELLY AZ US',200512,5,341
COOP:021248,'CANYON DE CHELLY AZ US',200601,37,346
COOP:021248,'CANYON DE CHELLY AZ US',200602,0,383
COOP:021248,'CANYON DE CHELLY AZ US',200603,58,442
COOP:021248,'CANYON DE CHELLY AZ US',200604,8,564
COOP:021248,'CANYON DE CHELLY AZ US',200605,0,655
COOP:021248,'CANYON DE CHELLY AZ US',200606,10,733
COOP:021248,'CANYON DE CHELLY AZ US',200607,207,792
COOP:021248,'CANYON DE CHELLY AZ US',200608,163,743
COOP:021248,'CANYON DE CHELLY AZ US',200609,36,628
COOP:021248,'CANYON DE CHELLY AZ US',200610,189,526
COOP:021248,'CANYON DE CHELLY AZ US',200611,27,421
COOP:021248,'CANYON DE CHELLY AZ US',200612,38,311
COOP:021248,'CANYON DE CHELLY AZ US',200701,66,252
COOP:021248,'CANYON DE CHELLY AZ US',200702,86,395
COOP:021248,'CANYON DE CHELLY AZ US',200703,72,470
COOP:021248,'CANYON DE CHELLY AZ US',200704,38,536
COOP:021248,'CANYON DE CHELLY AZ US',200705,56,623
COOP:021248,'CANYON DE CHELLY AZ US',200706,0,734
COOP:021248,'CANYON DE CHELLY AZ US',200707,121,778
COOP:021248,'CANYON DE CHELLY AZ US',200708,237,758
COOP:021248,'CANYON DE CHELLY AZ US',200709,63,672
COOP:021248,'CANYON DE CHELLY AZ US',200710,14,538
COOP:021248,'CANYON DE CHELLY AZ US',200711,26,447
COOP:021248,'CANYON DE CHELLY AZ US',200712,164,307
COOP:021248,'CANYON DE CHELLY AZ US',200801,199,250
COOP:021248,'CANYON DE CHELLY AZ US',200802,113,358
COOP:021248,'CANYON DE CHELLY AZ US',200803,0,439
COOP:021248,'CANYON DE CHELLY AZ US',200804,15,509
COOP:021248,'CANYON DE CHELLY AZ US',200805,29,584
COOP:021248,'CANYON DE CHELLY AZ US',200806,32,716
COOP:021248,'CANYON DE CHELLY AZ US',200807,211,765
COOP:021248,'CANYON DE CHELLY AZ US',200808,107,749
COOP:021248,'CANYON DE CHELLY AZ US',200809,51,659
COOP:021248,'CANYON DE CHELLY AZ US',200810,41,532
COOP:021248,'CANYON DE CHELLY AZ US',200811,71,422
COOP:021248,'CANYON DE CHELLY AZ US',200812,167,332
COOP:021248,'CANYON DE CHELLY AZ US',200901,46,338
COOP:021248,'CANYON DE CHELLY AZ US',200902,80,368
COOP:021248,'CANYON DE CHELLY AZ US',200903,81,455
COOP:021248,'CANYON DE CHELLY AZ US',200904,19,516
COOP:021248,'CANYON DE CHELLY AZ US',200905,84,649
COOP:021248,'CANYON DE CHELLY AZ US',200906,6,677
COOP:021248,'CANYON DE CHELLY AZ US',200907,112,774
COOP:021248,'CANYON DE CHELLY AZ US',200908,0,738
COOP:021248,'CANYON DE CHELLY AZ US',200909,49,658
COOP:021248,'CANYON DE CHELLY AZ US',200910,31,503
COOP:021248,'CANYON DE CHELLY AZ US',200911,23,414
COOP:021248,'CANYON DE CHELLY AZ US',200912,71,271
COOP:021248,'CANYON DE CHELLY AZ US',201001,245,253
COOP:021248,'CANYON DE CHELLY AZ US',201002,87,342
COOP:021248,'CANYON DE CHELLY AZ US',201003,119,430
COOP:021248,'CANYON DE CHELLY AZ US',201004,48,531
COOP:021248,'CANYON DE CHELLY AZ US',201005,44,590
COOP:021248,'CANYON DE CHELLY AZ US',201006,10,719
COOP:021248,'CANYON DE CHELLY AZ US',201007,169,769
COOP:021248,'CANYON DE CHELLY AZ US',201008,172,737
COOP:021248,'CANYON DE CHELLY AZ US',201009,88,681
COOP:021248,'CANYON DE CHELLY AZ US',201010,138,548
COOP:021248,'CANYON DE CHELLY AZ US',201011,8,387
COOP:021248,'CANYON DE CHELLY AZ US',201012,83,384
COOP:021248,'CANYON DE CHELLY AZ US',201101,12,286
COOP:021248,'CANYON DE CHELLY AZ US',201102,103,327
COOP:021248,'CANYON DE CHELLY AZ US',201103,68,473
COOP:021248,'CANYON DE CHELLY AZ US',201104,36,531
COOP:021248,'CANYON DE CHELLY AZ US',201106,3,715
COOP:021248,'CANYON DE CHELLY AZ US',201107,154,770
COOP:021248,'CANYON DE CHELLY AZ US',201108,43,773
COOP:021248,'CANYON DE CHELLY AZ US',201109,118,665
COOP:021248,'CANYON DE CHELLY AZ US',201110,155,528
COOP:021248,'CANYON DE CHELLY AZ US',201111,75,408
COOP:021248,'CANYON DE CHELLY AZ US',201112,69,302
COOP:021248,'CANYON DE CHELLY AZ US',201201,17,346
COOP:021248,'CANYON DE CHELLY AZ US',201202,15,360
COOP:021248,'CANYON DE CHELLY AZ US',201203,35,460
COOP:021248,'CANYON DE CHELLY AZ US',201204,12,553
COOP:021248,'CANYON DE CHELLY AZ US',201205,0,639
COOP:021248,'CANYON DE CHELLY AZ US',201206,28,755
COOP:021248,'CANYON DE CHELLY AZ US',201207,165,776
COOP:021248,'CANYON DE CHELLY AZ US',201208,37,763
COOP:021248,'CANYON DE CHELLY AZ US',201209,0,670
COOP:021248,'CANYON DE CHELLY AZ US',201210,7,554
COOP:021248,'CANYON DE CHELLY AZ US',201211,7,434
COOP:021248,'CANYON DE CHELLY AZ US',201212,68,324
COOP:021248,'CANYON DE CHELLY AZ US',201301,82,238
COOP:021248,'CANYON DE CHELLY AZ US',201302,17,337
COOP:021248,'CANYON DE CHELLY AZ US',201303,36,459
COOP:021248,'CANYON DE CHELLY AZ US',201304,38,527
COOP:021248,'CANYON DE CHELLY AZ US',201305,12,609
COOP:021248,'CANYON DE CHELLY AZ US',201306,15,743
COOP:021248,'CANYON DE CHELLY AZ US',201307,122,775
COOP:021248,'CANYON DE CHELLY AZ US',201308,186,738
COOP:021248,'CANYON DE CHELLY AZ US',201309,125,670
COOP:021248,'CANYON DE CHELLY AZ US',201311,135,404
COOP:021248,'CANYON DE CHELLY AZ US',201312,50,289
COOP:021248,'CANYON DE CHELLY AZ US',201401,0,331
COOP:021248,'CANYON DE CHELLY AZ US',201402,20,415
COOP:021248,'CANYON DE CHELLY AZ US',201403,113,458
COOP:021248,'CANYON DE CHELLY AZ US',201404,18,527
COOP:021248,'CANYON DE CHELLY AZ US',201405,23,604
COOP:021248,'CANYON DE CHELLY AZ US',201406,0,731
COOP:021248,'CANYON DE CHELLY AZ US',201407,175,785
COOP:073615,'HARRINGTON 4 NE DE US',200304,384,497
COOP:073615,'HARRINGTON 4 NE DE US',200305,576,578
COOP:073595,'GREENWOOD 2 NE DE US',200001,357,330
COOP:073595,'GREENWOOD 2 NE DE US',200002,194,389
COOP:073595,'GREENWOOD 2 NE DE US',200003,683,485
COOP:073595,'GREENWOOD 2 NE DE US',200004,367,523
COOP:073595,'GREENWOOD 2 NE DE US',200005,417,642
COOP:073595,'GREENWOOD 2 NE DE US',200006,410,728
COOP:073595,'GREENWOOD 2 NE DE US',200007,642,729
COOP:073595,'GREENWOOD 2 NE DE US',200008,310,728
COOP:073595,'GREENWOOD 2 NE DE US',200009,648,658
COOP:073595,'GREENWOOD 2 NE DE US',200010,9,572
COOP:073595,'GREENWOOD 2 NE DE US',200011,247,447
COOP:073595,'GREENWOOD 2 NE DE US',200012,354,311
COOP:073595,'GREENWOOD 2 NE DE US',200101,311,325
COOP:073595,'GREENWOOD 2 NE DE US',200102,290,385
COOP:073595,'GREENWOOD 2 NE DE US',200103,544,409
COOP:073595,'GREENWOOD 2 NE DE US',200104,209,531
COOP:073595,'GREENWOOD 2 NE DE US',200105,386,630
COOP:073595,'GREENWOOD 2 NE DE US',200106,667,732
COOP:073595,'GREENWOOD 2 NE DE US',200107,716,723
COOP:073595,'GREENWOOD 2 NE DE US',200109,220,665
COOP:073595,'GREENWOOD 2 NE DE US',200110,83,571
COOP:073595,'GREENWOOD 2 NE DE US',200111,32,519
COOP:073595,'GREENWOOD 2 NE DE US',200112,195,442
COOP:073595,'GREENWOOD 2 NE DE US',200201,253,400
COOP:073595,'GREENWOOD 2 NE DE US',200202,67,398
COOP:073595,'GREENWOOD 2 NE DE US',200203,432,454
COOP:073595,'GREENWOOD 2 NE DE US',200204,475,573
COOP:073595,'GREENWOOD 2 NE DE US',200205,333,620
COOP:073595,'GREENWOOD 2 NE DE US',200206,218,726
COOP:073595,'GREENWOOD 2 NE DE US',200207,306,774
COOP:073595,'GREENWOOD 2 NE DE US',200208,251,775
COOP:073595,'GREENWOOD 2 NE DE US',200209,940,699
COOP:073595,'GREENWOOD 2 NE DE US',200210,707,578
COOP:073595,'GREENWOOD 2 NE DE US',200211,598,461
COOP:073595,'GREENWOOD 2 NE DE US',200212,418,356
COOP:073595,'GREENWOOD 2 NE DE US',200301,130,294
COOP:073595,'GREENWOOD 2 NE DE US',200302,699,325
COOP:073595,'GREENWOOD 2 NE DE US',200303,339,448
COOP:073595,'GREENWOOD 2 NE DE US',200304,316,510
COOP:073595,'GREENWOOD 2 NE DE US',200305,548,593
COOP:073595,'GREENWOOD 2 NE DE US',200306,597,699
COOP:073595,'GREENWOOD 2 NE DE US',200307,557,759
COOP:073595,'GREENWOOD 2 NE DE US',200308,515,760
COOP:073595,'GREENWOOD 2 NE DE US',200309,570,691
COOP:073595,'GREENWOOD 2 NE DE US',200310,433,555
COOP:073595,'GREENWOOD 2 NE DE US',200311,515,515
COOP:073595,'GREENWOOD 2 NE DE US',200312,517,371
COOP:073595,'GREENWOOD 2 NE DE US',200401,244,286
COOP:073595,'GREENWOOD 2 NE DE US',200402,196,346
COOP:073595,'GREENWOOD 2 NE DE US',200403,226,447
COOP:073595,'GREENWOOD 2 NE DE US',200404,551,536
COOP:073595,'GREENWOOD 2 NE DE US',200405,334,686
COOP:073595,'GREENWOOD 2 NE DE US',200406,256,704
COOP:073595,'GREENWOOD 2 NE DE US',200407,360,756
COOP:073595,'GREENWOOD 2 NE DE US',200408,638,732
COOP:073595,'GREENWOOD 2 NE DE US',200409,246,690
COOP:073595,'GREENWOOD 2 NE DE US',200410,244,555
COOP:073595,'GREENWOOD 2 NE DE US',200411,454,489
COOP:073595,'GREENWOOD 2 NE DE US',200412,268,375
COOP:073595,'GREENWOOD 2 NE DE US',200501,409,342
COOP:073595,'GREENWOOD 2 NE DE US',200502,186,359
COOP:073595,'GREENWOOD 2 NE DE US',200503,390,393
COOP:073595,'GREENWOOD 2 NE DE US',200504,322,532
COOP:073595,'GREENWOOD 2 NE DE US',200505,558,578
COOP:073595,'GREENWOOD 2 NE DE US',200506,429,721
COOP:073595,'GREENWOOD 2 NE DE US',200508,170,769
COOP:073595,'GREENWOOD 2 NE DE US',200509,13,714
COOP:073595,'GREENWOOD 2 NE DE US',200510,928,579
COOP:073595,'GREENWOOD 2 NE DE US',200511,437,496
COOP:073595,'GREENWOOD 2 NE DE US',200512,423,353
COOP:073595,'GREENWOOD 2 NE DE US',200601,355,413
COOP:073595,'GREENWOOD 2 NE DE US',200602,154,358
COOP:073595,'GREENWOOD 2 NE DE US',200603,18,431
COOP:073595,'GREENWOOD 2 NE DE US',200604,298,559
COOP:073595,'GREENWOOD 2 NE DE US',200605,113,619
COOP:073595,'GREENWOOD 2 NE DE US',200606,1130,716
COOP:073595,'GREENWOOD 2 NE DE US',200607,649,775
COOP:073595,'GREENWOOD 2 NE DE US',200608,119,766
COOP:073595,'GREENWOOD 2 NE DE US',200609,685,660
COOP:073595,'GREENWOOD 2 NE DE US',200610,530,555
COOP:073595,'GREENWOOD 2 NE DE US',200611,510,509
COOP:073595,'GREENWOOD 2 NE DE US',200612,141,431
COOP:073595,'GREENWOOD 2 NE DE US',200701,407,398
COOP:073595,'GREENWOOD 2 NE DE US',200702,214,290
COOP:073595,'GREENWOOD 2 NE DE US',200703,230,440
COOP:073595,'GREENWOOD 2 NE DE US',200704,622,503
COOP:073595,'GREENWOOD 2 NE DE US',200705,105,638
COOP:073595,'GREENWOOD 2 NE DE US',200706,189,725
COOP:073595,'GREENWOOD 2 NE DE US',200707,65,761
COOP:073595,'GREENWOOD 2 NE DE US',200708,414,765
COOP:073595,'GREENWOOD 2 NE DE US',200709,209,693
COOP:073595,'GREENWOOD 2 NE DE US',200710,419,633
COOP:073595,'GREENWOOD 2 NE DE US',200711,121,462
COOP:073595,'GREENWOOD 2 NE DE US',200712,397,385
COOP:073595,'GREENWOOD 2 NE DE US',200801,177,361
COOP:073595,'GREENWOOD 2 NE DE US',200802,251,382
COOP:073595,'GREENWOOD 2 NE DE US',200803,380,437
COOP:073595,'GREENWOOD 2 NE DE US',200804,308,547
COOP:073595,'GREENWOOD 2 NE DE US',200805,479,597
COOP:073595,'GREENWOOD 2 NE DE US',200806,486,743
COOP:073595,'GREENWOOD 2 NE DE US',200807,395,762
COOP:073595,'GREENWOOD 2 NE DE US',200808,16,728
COOP:073595,'GREENWOOD 2 NE DE US',200809,395,689
COOP:073595,'GREENWOOD 2 NE DE US',200810,156,549
COOP:073595,'GREENWOOD 2 NE DE US',200811,424,449
COOP:073595,'GREENWOOD 2 NE DE US',200812,565,393
COOP:073595,'GREENWOOD 2 NE DE US',200901,224,299
COOP:073595,'GREENWOOD 2 NE DE US',200902,30,375
COOP:073595,'GREENWOOD 2 NE DE US',200903,268,419
COOP:073595,'GREENWOOD 2 NE DE US',200904,511,537
COOP:073595,'GREENWOOD 2 NE DE US',200905,509,634
COOP:073595,'GREENWOOD 2 NE DE US',200906,658,706
COOP:073595,'GREENWOOD 2 NE DE US',200907,130,740
COOP:073595,'GREENWOOD 2 NE DE US',200908,875,766
COOP:073595,'GREENWOOD 2 NE DE US',200909,555,658
COOP:073595,'GREENWOOD 2 NE DE US',200910,677,555
COOP:073595,'GREENWOOD 2 NE DE US',200911,495,505
COOP:073595,'GREENWOOD 2 NE DE US',200912,676,366
COOP:073595,'GREENWOOD 2 NE DE US',201001,293,321
COOP:073595,'GREENWOOD 2 NE DE US',201002,396,296
COOP:073595,'GREENWOOD 2 NE DE US',201003,671,468
COOP:073595,'GREENWOOD 2 NE DE US',201004,149,572
COOP:073595,'GREENWOOD 2 NE DE US',201005,164,648
COOP:073595,'GREENWOOD 2 NE DE US',201006,337,766
COOP:075915,'MILFORD 2 SE DE US',200002,189,388
COOP:075915,'MILFORD 2 SE DE US',200003,672,487
COOP:075915,'MILFORD 2 SE DE US',200004,410,521
COOP:075915,'MILFORD 2 SE DE US',200005,452,651
COOP:075915,'MILFORD 2 SE DE US',200006,531,733
COOP:075915,'MILFORD 2 SE DE US',200007,679,733
COOP:075915,'MILFORD 2 SE DE US',200008,575,733
COOP:075915,'MILFORD 2 SE DE US',200009,608,665
COOP:075915,'MILFORD 2 SE DE US',200010,10,577
COOP:075915,'MILFORD 2 SE DE US',200011,209,449
COOP:075915,'MILFORD 2 SE DE US',200012,224,321
COOP:075915,'MILFORD 2 SE DE US',200101,300,324
COOP:075915,'MILFORD 2 SE DE US',200102,306,392
COOP:075915,'MILFORD 2 SE DE US',200103,508,410
COOP:075915,'MILFORD 2 SE DE US',200104,179,534
COOP:075915,'MILFORD 2 SE DE US',200105,263,623
COOP:075915,'MILFORD 2 SE DE US',200106,664,737
COOP:075915,'MILFORD 2 SE DE US',200107,646,731
COOP:075915,'MILFORD 2 SE DE US',200108,887,763
COOP:075915,'MILFORD 2 SE DE US',200109,209,672
COOP:075915,'MILFORD 2 SE DE US',200110,105,570
COOP:075915,'MILFORD 2 SE DE US',200111,35,511
COOP:075915,'MILFORD 2 SE DE US',200112,212,436
COOP:075915,'MILFORD 2 SE DE US',200201,252,400
COOP:075915,'MILFORD 2 SE DE US',200202,62,408
COOP:075915,'MILFORD 2 SE DE US',200204,466,576
COOP:075915,'MILFORD 2 SE DE US',200205,384,622
COOP:075915,'MILFORD 2 SE DE US',200206,182,731
COOP:075915,'MILFORD 2 SE DE US',200207,355,786
COOP:075915,'MILFORD 2 SE DE US',200208,459,782
COOP:075915,'MILFORD 2 SE DE US',200209,893,706
COOP:075915,'MILFORD 2 SE DE US',200210,905,590
COOP:075915,'MILFORD 2 SE DE US',200211,611,464
COOP:075915,'MILFORD 2 SE DE US',200212,408,360
COOP:075915,'MILFORD 2 SE DE US',200301,134,298
COOP:075915,'MILFORD 2 SE DE US',200302,745,323
COOP:075915,'MILFORD 2 SE DE US',200304,315,512
COOP:075915,'MILFORD 2 SE DE US',200305,540,591
COOP:075915,'MILFORD 2 SE DE US',200306,598,705
COOP:075915,'MILFORD 2 SE DE US',200307,458,770
COOP:075915,'MILFORD 2 SE DE US',200308,543,771
COOP:075915,'MILFORD 2 SE DE US',200309,486,703
COOP:075915,'MILFORD 2 SE DE US',200310,355,555
COOP:075915,'MILFORD 2 SE DE US',200311,605,523
COOP:075915,'MILFORD 2 SE DE US',200312,598,380
COOP:075915,'MILFORD 2 SE DE US',200401,253,292
COOP:075915,'MILFORD 2 SE DE US',200404,584,547
COOP:079595,'WILMINGTON NEW CASTLE CO AIRPORT DE US',200001,245,315
COOP:079595,'WILMINGTON NEW CASTLE CO AIRPORT DE US',200002,195,366
COOP:079595,'WILMINGTON NEW CASTLE CO AIRPORT DE US',200003,987,473
COOP:079595,'WILMINGTON NEW CASTLE CO AIRPORT DE US',200004,333,519
COOP:079595,'WILMINGTON NEW CASTLE CO AIRPORT DE US',200005,294,638
COOP:079595,'WILMINGTON NEW CASTLE CO AIRPORT DE US',200006,483,720
COOP:079595,'WILMINGTON NEW CASTLE CO AIRPORT DE US',200007,464,729
COOP:079595,'WILMINGTON NEW CASTLE CO AIRPORT DE US',200008,247,727
COOP:079595,'WILMINGTON NEW CASTLE CO AIRPORT DE US',200009,730,650
COOP:079595,'WILMINGTON NEW CASTLE CO AIRPORT DE US',200010,8,564
COOP:079595,'WILMINGTON NEW CASTLE CO AIRPORT DE US',200011,254,442
COOP:079595,'WILMINGTON NEW CASTLE CO AIRPORT DE US',200012,280,301
COOP:079595,'WILMINGTON NEW CASTLE CO AIRPORT DE US',200101,313,316
COOP:079595,'WILMINGTON NEW CASTLE CO AIRPORT DE US',200102,281,362
COOP:079595,'WILMINGTON NEW CASTLE CO AIRPORT DE US',200103,562,398
COOP:079595,'WILMINGTON NEW CASTLE CO AIRPORT DE US',200104,143,533
COOP:079595,'WILMINGTON NEW CASTLE CO AIRPORT DE US',200105,533,627
COOP:079595,'WILMINGTON NEW CASTLE CO AIRPORT DE US',200106,428,730
COOP:079595,'WILMINGTON NEW CASTLE CO AIRPORT DE US',200107,235,727
COOP:079595,'WILMINGTON NEW CASTLE CO AIRPORT DE US',200108,265,773
COOP:079595,'WILMINGTON NEW CASTLE CO AIRPORT DE US',200109,257,656
COOP:079595,'WILMINGTON NEW CASTLE CO AIRPORT DE US',200110,74,567
COOP:079595,'WILMINGTON NEW CASTLE CO AIRPORT DE US',200111,99,508
COOP:079595,'WILMINGTON NEW CASTLE CO AIRPORT DE US',200112,195,425
COOP:079595,'WILMINGTON NEW CASTLE CO AIRPORT DE US',200201,272,378
COOP:079595,'WILMINGTON NEW CASTLE CO AIRPORT DE US',200202,43,394
COOP:079595,'WILMINGTON NEW CASTLE CO AIRPORT DE US',200203,405,443
COOP:079595,'WILMINGTON NEW CASTLE CO AIRPORT DE US',200204,226,557
COOP:079595,'WILMINGTON NEW CASTLE CO AIRPORT DE US',200205,340,614
COOP:079595,'WILMINGTON NEW CASTLE CO AIRPORT DE US',200206,496,718
COOP:079595,'WILMINGTON NEW CASTLE CO AIRPORT DE US',200207,140,775
COOP:079595,'WILMINGTON NEW CASTLE CO AIRPORT DE US',200208,203,778
COOP:079595,'WILMINGTON NEW CASTLE CO AIRPORT DE US',200209,342,693
COOP:079595,'WILMINGTON NEW CASTLE CO AIRPORT DE US',200210,616,555
COOP:079595,'WILMINGTON NEW CASTLE CO AIRPORT DE US',200211,447,436
COOP:079595,'WILMINGTON NEW CASTLE CO AIRPORT DE US',200212,450,343
COOP:079595,'WILMINGTON NEW CASTLE CO AIRPORT DE US',200301,179,288
COOP:079595,'WILMINGTON NEW CASTLE CO AIRPORT DE US',200302,521,287
COOP:079595,'WILMINGTON NEW CASTLE CO AIRPORT DE US',200303,475,428
COOP:079595,'WILMINGTON NEW CASTLE CO AIRPORT DE US',200304,262,510
COOP:079595,'WILMINGTON NEW CASTLE CO AIRPORT DE US',200305,392,581
COOP:079595,'WILMINGTON NEW CASTLE CO AIRPORT DE US',200306,990,688
COOP:079595,'WILMINGTON NEW CASTLE CO AIRPORT DE US',200307,285,757
COOP:079595,'WILMINGTON NEW CASTLE CO AIRPORT DE US',200308,421,765
COOP:079595,'WILMINGTON NEW CASTLE CO AIRPORT DE US',200309,739,685
COOP:079595,'WILMINGTON NEW CASTLE CO AIRPORT DE US',200310,439,542
COOP:079595,'WILMINGTON NEW CASTLE CO AIRPORT DE US',200311,337,493
COOP:079595,'WILMINGTON NEW CASTLE CO AIRPORT DE US',200312,493,358
COOP:079595,'WILMINGTON NEW CASTLE CO AIRPORT DE US',200401,166,254
COOP:079595,'WILMINGTON NEW CASTLE CO AIRPORT DE US',200402,233,340
COOP:079595,'WILMINGTON NEW CASTLE CO AIRPORT DE US',200403,296,446
COOP:079595,'WILMINGTON NEW CASTLE CO AIRPORT DE US',200404,561,537
COOP:079595,'WILMINGTON NEW CASTLE CO AIRPORT DE US',200405,441,682
COOP:079595,'WILMINGTON NEW CASTLE CO AIRPORT DE US',200406,698,701
COOP:079595,'WILMINGTON NEW CASTLE CO AIRPORT DE US',200407,824,747
COOP:079595,'WILMINGTON NEW CASTLE CO AIRPORT DE US',200408,533,731
COOP:079595,'WILMINGTON NEW CASTLE CO AIRPORT DE US',200409,929,688
COOP:079595,'WILMINGTON NEW CASTLE CO AIRPORT DE US',200410,243,546
COOP:079595,'WILMINGTON NEW CASTLE CO AIRPORT DE US',200411,465,470
COOP:079595,'WILMINGTON NEW CASTLE CO AIRPORT DE US',200412,284,367
COOP:079595,'WILMINGTON NEW CASTLE CO AIRPORT DE US',200501,384,318
COOP:079595,'WILMINGTON NEW CASTLE CO AIRPORT DE US',200502,265,351
COOP:079595,'WILMINGTON NEW CASTLE CO AIRPORT DE US',200503,410,386
COOP:079595,'WILMINGTON NEW CASTLE CO AIRPORT DE US',200504,512,538
COOP:079595,'WILMINGTON NEW CASTLE CO AIRPORT DE US',200505,226,575
COOP:079595,'WILMINGTON NEW CASTLE CO AIRPORT DE US',200506,225,729
COOP:079595,'WILMINGTON NEW CASTLE CO AIRPORT DE US',200507,482,770
COOP:079595,'WILMINGTON NEW CASTLE CO AIRPORT DE US',200508,135,779
COOP:079595,'WILMINGTON NEW CASTLE CO AIRPORT DE US',200509,44,718
COOP:079595,'WILMINGTON NEW CASTLE CO AIRPORT DE US',200510,779,577
COOP:079595,'WILMINGTON NEW CASTLE CO AIRPORT DE US',200511,241,479
COOP:079595,'WILMINGTON NEW CASTLE CO AIRPORT DE US',200512,322,337
COOP:079595,'WILMINGTON NEW CASTLE CO AIRPORT DE US',200601,414,397
COOP:079595,'WILMINGTON NEW CASTLE CO AIRPORT DE US',200602,238,349
COOP:079595,'WILMINGTON NEW CASTLE CO AIRPORT DE US',200603,29,441
COOP:079595,'WILMINGTON NEW CASTLE CO AIRPORT DE US',200604,436,556
COOP:079595,'WILMINGTON NEW CASTLE CO AIRPORT DE US',200605,222,627
COOP:079595,'WILMINGTON NEW CASTLE CO AIRPORT DE US',200606,940,714
COOP:079595,'WILMINGTON NEW CASTLE CO AIRPORT DE US',200607,605,781
COOP:079595,'WILMINGTON NEW CASTLE CO AIRPORT DE US',200608,259,768
COOP:079595,'WILMINGTON NEW CASTLE CO AIRPORT DE US',200609,618,655
COOP:079595,'WILMINGTON NEW CASTLE CO AIRPORT DE US',200610,556,549
COOP:079595,'WILMINGTON NEW CASTLE CO AIRPORT DE US',200611,431,496
COOP:079595,'WILMINGTON NEW CASTLE CO AIRPORT DE US',200612,193,416
COOP:079595,'WILMINGTON NEW CASTLE CO AIRPORT DE US',200701,352,383
COOP:079595,'WILMINGTON NEW CASTLE CO AIRPORT DE US',200702,194,281
COOP:079595,'WILMINGTON NEW CASTLE CO AIRPORT DE US',200703,461,436
COOP:079595,'WILMINGTON NEW CASTLE CO AIRPORT DE US',200704,855,506
COOP:079595,'WILMINGTON NEW CASTLE CO AIRPORT DE US',200705,102,648
COOP:079595,'WILMINGTON NEW CASTLE CO AIRPORT DE US',200706,272,731
COOP:079595,'WILMINGTON NEW CASTLE CO AIRPORT DE US',200707,315,766
COOP:079595,'WILMINGTON NEW CASTLE CO AIRPORT DE US',200708,338,764
COOP:079595,'WILMINGTON NEW CASTLE CO AIRPORT DE US',200709,49,705
COOP:079595,'WILMINGTON NEW CASTLE CO AIRPORT DE US',200710,592,635
COOP:079595,'WILMINGTON NEW CASTLE CO AIRPORT DE US',200711,169,454
COOP:079595,'WILMINGTON NEW CASTLE CO AIRPORT DE US',200712,482,376
COOP:079595,'WILMINGTON NEW CASTLE CO AIRPORT DE US',200801,157,357
COOP:079595,'WILMINGTON NEW CASTLE CO AIRPORT DE US',200802,432,369
COOP:079595,'WILMINGTON NEW CASTLE CO AIRPORT DE US',200803,400,445
COOP:079595,'WILMINGTON NEW CASTLE CO AIRPORT DE US',200804,197,547
COOP:079595,'WILMINGTON NEW CASTLE CO AIRPORT DE US',200805,512,602
COOP:079595,'WILMINGTON NEW CASTLE CO AIRPORT DE US',200806,271,751
COOP:079595,'WILMINGTON NEW CASTLE CO AIRPORT DE US',200807,469,781
COOP:079595,'WILMINGTON NEW CASTLE CO AIRPORT DE US',200808,116,732
COOP:079595,'WILMINGTON NEW CASTLE CO AIRPORT DE US',200809,519,697
COOP:079595,'WILMINGTON NEW CASTLE CO AIRPORT DE US',200810,181,556
COOP:079595,'WILMINGTON NEW CASTLE CO AIRPORT DE US',200811,351,453
COOP:079595,'WILMINGTON NEW CASTLE CO AIRPORT DE US',200812,439,383
COOP:079595,'WILMINGTON NEW CASTLE CO AIRPORT DE US',200901,290,285
COOP:079595,'WILMINGTON NEW CASTLE CO AIRPORT DE US',200902,30,365
COOP:079595,'WILMINGTON NEW CASTLE CO AIRPORT DE US',200903,189,423
COOP:079595,'WILMINGTON NEW CASTLE CO AIRPORT DE US',200904,403,545
COOP:079595,'WILMINGTON NEW CASTLE CO AIRPORT DE US',200905,389,634
COOP:079595,'WILMINGTON NEW CASTLE CO AIRPORT DE US',200906,667,705
COOP:079595,'WILMINGTON NEW CASTLE CO AIRPORT DE US',200907,394,735
COOP:079595,'WILMINGTON NEW CASTLE CO AIRPORT DE US',200908,673,767
COOP:079595,'WILMINGTON NEW CASTLE CO AIRPORT DE US',200909,491,666
COOP:079595,'WILMINGTON NEW CASTLE CO AIRPORT DE US',200910,590,553
COOP:079595,'WILMINGTON NEW CASTLE CO AIRPORT DE US',200911,232,497
COOP:079595,'WILMINGTON NEW CASTLE CO AIRPORT DE US',200912,858,354
COOP:079595,'WILMINGTON NEW CASTLE CO AIRPORT DE US',201001,252,324
COOP:079595,'WILMINGTON NEW CASTLE CO AIRPORT DE US',201002,587,309
COOP:079595,'WILMINGTON NEW CASTLE CO AIRPORT DE US',201003,537,479
COOP:079595,'WILMINGTON NEW CASTLE CO AIRPORT DE US',201004,243,563
COOP:079595,'WILMINGTON NEW CASTLE CO AIRPORT DE US',201005,232,656
COOP:079595,'WILMINGTON NEW CASTLE CO AIRPORT DE US',201006,183,767
COOP:079595,'WILMINGTON NEW CASTLE CO AIRPORT DE US',201007,615,796
COOP:079595,'WILMINGTON NEW CASTLE CO AIRPORT DE US',201008,134,770
COOP:079595,'WILMINGTON NEW CASTLE CO AIRPORT DE US',201009,595,708
COOP:079595,'WILMINGTON NEW CASTLE CO AIRPORT DE US',201010,548,572
COOP:079595,'WILMINGTON NEW CASTLE CO AIRPORT DE US',201011,229,465
COOP:079595,'WILMINGTON NEW CASTLE CO AIRPORT DE US',201012,241,316
COOP:079595,'WILMINGTON NEW CASTLE CO AIRPORT DE US',201101,322,285
COOP:079595,'WILMINGTON NEW CASTLE CO AIRPORT DE US',201102,290,359
COOP:079595,'WILMINGTON NEW CASTLE CO AIRPORT DE US',201103,405,423
COOP:079595,'WILMINGTON NEW CASTLE CO AIRPORT DE US',201104,471,560
COOP:079595,'WILMINGTON NEW CASTLE CO AIRPORT DE US',201105,323,663
COOP:079595,'WILMINGTON NEW CASTLE CO AIRPORT DE US',201106,249,740
COOP:079595,'WILMINGTON NEW CASTLE CO AIRPORT DE US',201107,373,808
COOP:079595,'WILMINGTON NEW CASTLE CO AIRPORT DE US',201108,1470,750
COOP:079595,'WILMINGTON NEW CASTLE CO AIRPORT DE US',201109,593,698
COOP:079595,'WILMINGTON NEW CASTLE CO AIRPORT DE US',201110,305,561
COOP:079595,'WILMINGTON NEW CASTLE CO AIRPORT DE US',201111,413,496
COOP:079595,'WILMINGTON NEW CASTLE CO AIRPORT DE US',201112,444,414
COOP:079595,'WILMINGTON NEW CASTLE CO AIRPORT DE US',201201,254,372
COOP:079595,'WILMINGTON NEW CASTLE CO AIRPORT DE US',201202,209,400
COOP:079595,'WILMINGTON NEW CASTLE CO AIRPORT DE US',201203,92,514
COOP:079595,'WILMINGTON NEW CASTLE CO AIRPORT DE US',201204,256,534
COOP:079595,'WILMINGTON NEW CASTLE CO AIRPORT DE US',201205,225,671
COOP:079595,'WILMINGTON NEW CASTLE CO AIRPORT DE US',201206,362,723
COOP:079595,'WILMINGTON NEW CASTLE CO AIRPORT DE US',201207,305,804
COOP:079595,'WILMINGTON NEW CASTLE CO AIRPORT DE US',201208,281,764
COOP:079595,'WILMINGTON NEW CASTLE CO AIRPORT DE US',201209,529,683
COOP:079595,'WILMINGTON NEW CASTLE CO AIRPORT DE US',201210,625,580
COOP:079595,'WILMINGTON NEW CASTLE CO AIRPORT DE US',201211,98,424
COOP:079595,'WILMINGTON NEW CASTLE CO AIRPORT DE US',201212,392,423
COOP:079595,'WILMINGTON NEW CASTLE CO AIRPORT DE US',201301,370,356
COOP:079595,'WILMINGTON NEW CASTLE CO AIRPORT DE US',201302,231,345
COOP:079595,'WILMINGTON NEW CASTLE CO AIRPORT DE US',201303,254,403
COOP:079595,'WILMINGTON NEW CASTLE CO AIRPORT DE US',201304,269,540
COOP:079595,'WILMINGTON NEW CASTLE CO AIRPORT DE US',201305,216,637
COOP:079595,'WILMINGTON NEW CASTLE CO AIRPORT DE US',201306,1366,732
COOP:079595,'WILMINGTON NEW CASTLE CO AIRPORT DE US',201307,405,795
COOP:079595,'WILMINGTON NEW CASTLE CO AIRPORT DE US',201308,522,735
COOP:079595,'WILMINGTON NEW CASTLE CO AIRPORT DE US',201309,192,661
COOP:079595,'WILMINGTON NEW CASTLE CO AIRPORT DE US',201310,197,590
COOP:079595,'WILMINGTON NEW CASTLE CO AIRPORT DE US',201311,291,439
COOP:079595,'WILMINGTON NEW CASTLE CO AIRPORT DE US',201312,522,376
COOP:079595,'WILMINGTON NEW CASTLE CO AIRPORT DE US',201401,323,274
COOP:079595,'WILMINGTON NEW CASTLE CO AIRPORT DE US',201402,535,314
COOP:079595,'WILMINGTON NEW CASTLE CO AIRPORT DE US',201403,382,383
COOP:079595,'WILMINGTON NEW CASTLE CO AIRPORT DE US',201404,684,526
COOP:079595,'WILMINGTON NEW CASTLE CO AIRPORT DE US',201405,309,642
COOP:079595,'WILMINGTON NEW CASTLE CO AIRPORT DE US',201406,503,727
COOP:079595,'WILMINGTON NEW CASTLE CO AIRPORT DE US',201407,594,760
COOP:072730,'DOVER DE US',200001,334,339
COOP:072730,'DOVER DE US',200002,292,404
COOP:072730,'DOVER DE US',200003,797,488
COOP:072730,'DOVER DE US',200004,439,527
COOP:072730,'DOVER DE US',200005,325,654
COOP:072730,'DOVER DE US',200006,397,737
COOP:072730,'DOVER DE US',200007,518,728
COOP:072730,'DOVER DE US',200008,782,734
COOP:072730,'DOVER DE US',200009,599,671
COOP:072730,'DOVER DE US',200010,26,592
COOP:072730,'DOVER DE US',200011,300,455
COOP:072730,'DOVER DE US',200012,339,316
COOP:072730,'DOVER DE US',200101,318,338
COOP:072730,'DOVER DE US',200102,349,396
COOP:072730,'DOVER DE US',200103,562,416
COOP:072730,'DOVER DE US',200104,155,556
COOP:072730,'DOVER DE US',200105,546,645
COOP:072730,'DOVER DE US',200106,518,739
COOP:072730,'DOVER DE US',200107,499,737
COOP:072730,'DOVER DE US',200108,327,777
COOP:072730,'DOVER DE US',200109,235,673
COOP:072730,'DOVER DE US',200110,109,595
COOP:072730,'DOVER DE US',200111,73,523
COOP:072730,'DOVER DE US',200112,184,447
COOP:072730,'DOVER DE US',200201,257,405
COOP:072730,'DOVER DE US',200202,61,425
COOP:072730,'DOVER DE US',200203,440,478
COOP:072730,'DOVER DE US',200204,445,581
COOP:072730,'DOVER DE US',200205,379,637
COOP:072730,'DOVER DE US',200206,482,742
COOP:072730,'DOVER DE US',200207,282,789
COOP:072730,'DOVER DE US',200208,228,789
COOP:072730,'DOVER DE US',200209,581,711
COOP:072730,'DOVER DE US',200210,882,586
COOP:072730,'DOVER DE US',200211,620,467
COOP:072730,'DOVER DE US',200212,492,365
COOP:072730,'DOVER DE US',200301,189,305
COOP:072730,'DOVER DE US',200302,702,322
COOP:072730,'DOVER DE US',200303,412,455
COOP:072730,'DOVER DE US',200304,383,531
COOP:072730,'DOVER DE US',200305,563,595
COOP:072730,'DOVER DE US',200306,755,707
COOP:072730,'DOVER DE US',200307,687,771
COOP:072730,'DOVER DE US',200308,716,779
COOP:072730,'DOVER DE US',200309,449,707
COOP:072730,'DOVER DE US',200310,322,576
COOP:072730,'DOVER DE US',200311,541,539
COOP:072730,'DOVER DE US',200312,578,390
COOP:072730,'DOVER DE US',200401,219,301
COOP:072730,'DOVER DE US',200402,216,372
COOP:072730,'DOVER DE US',200403,308,475
COOP:072730,'DOVER DE US',200404,565,560
COOP:072730,'DOVER DE US',200405,203,708
COOP:072730,'DOVER DE US',200406,504,725
COOP:072730,'DOVER DE US',200407,789,766
COOP:072730,'DOVER DE US',200408,430,755
COOP:072730,'DOVER DE US',200409,340,705
COOP:072730,'DOVER DE US',200410,153,570
COOP:072730,'DOVER DE US',200411,501,502
COOP:072730,'DOVER DE US',200412,260,405
COOP:072730,'DOVER DE US',200501,400,350
COOP:072730,'DOVER DE US',200502,186,372
COOP:072730,'DOVER DE US',200503,364,407
COOP:072730,'DOVER DE US',200504,565,560
COOP:072730,'DOVER DE US',200505,438,594
COOP:072730,'DOVER DE US',200506,593,735
COOP:072730,'DOVER DE US',200507,398,783
COOP:072730,'DOVER DE US',200508,388,785
COOP:072730,'DOVER DE US',200509,26,733
COOP:072730,'DOVER DE US',200510,900,601
COOP:072730,'DOVER DE US',200511,444,522
COOP:072730,'DOVER DE US',200601,361,437
COOP:072730,'DOVER DE US',200602,139,385
COOP:072730,'DOVER DE US',200603,24,460
COOP:072730,'DOVER DE US',200604,385,578
COOP:072730,'DOVER DE US',200605,146,639
COOP:072730,'DOVER DE US',200606,779,735
COOP:072730,'DOVER DE US',200607,683,798
COOP:072730,'DOVER DE US',200608,28,784
COOP:072730,'DOVER DE US',200609,578,684
COOP:072730,'DOVER DE US',200610,552,581
COOP:072730,'DOVER DE US',200611,614,523
COOP:072730,'DOVER DE US',200612,155,458
COOP:072730,'DOVER DE US',200701,399,415
COOP:072730,'DOVER DE US',200702,325,311
COOP:072730,'DOVER DE US',200703,350,475
COOP:072730,'DOVER DE US',200704,660,519
COOP:072730,'DOVER DE US',200705,135,659
COOP:072730,'DOVER DE US',200706,496,744
COOP:072730,'DOVER DE US',200707,197,767
COOP:072730,'DOVER DE US',200708,241,777
COOP:072730,'DOVER DE US',200709,136,714
COOP:072730,'DOVER DE US',200710,467,657
COOP:072730,'DOVER DE US',200711,221,482
COOP:072730,'DOVER DE US',200712,521,402
COOP:072730,'DOVER DE US',200801,232,381
COOP:072730,'DOVER DE US',200802,394,412
COOP:072730,'DOVER DE US',200803,279,474
COOP:072730,'DOVER DE US',200804,312,566
COOP:072730,'DOVER DE US',200805,685,625
COOP:072730,'DOVER DE US',200806,260,763
COOP:072730,'DOVER DE US',200807,473,790
COOP:072730,'DOVER DE US',200808,59,748
COOP:072730,'DOVER DE US',200809,389,716
COOP:072730,'DOVER DE US',200810,311,581
COOP:072730,'DOVER DE US',200811,423,473
COOP:072730,'DOVER DE US',200812,495,424
COOP:072730,'DOVER DE US',200901,288,315
COOP:072730,'DOVER DE US',200904,531,559
COOP:072730,'DOVER DE US',200905,507,646
COOP:072730,'DOVER DE US',200906,594,716
COOP:072730,'DOVER DE US',200907,206,753
COOP:072730,'DOVER DE US',200908,902,780
COOP:072730,'DOVER DE US',200909,597,680
COOP:072730,'DOVER DE US',200910,681,580
COOP:072730,'DOVER DE US',200911,407,516
COOP:072730,'DOVER DE US',200912,869,374
COOP:072730,'DOVER DE US',201001,280,345
COOP:072730,'DOVER DE US',201002,383,319
COOP:072730,'DOVER DE US',201003,562,490
COOP:072730,'DOVER DE US',201004,250,589
COOP:072730,'DOVER DE US',201005,213,679
COOP:072730,'DOVER DE US',201006,141,788
COOP:072730,'DOVER DE US',201007,688,811
COOP:072730,'DOVER DE US',201008,403,778
COOP:072730,'DOVER DE US',201009,213,731
COOP:072730,'DOVER DE US',201010,760,602
COOP:072730,'DOVER DE US',201011,325,477
COOP:072730,'DOVER DE US',201012,228,324
COOP:072730,'DOVER DE US',201101,310,311
COOP:072730,'DOVER DE US',201103,316,454
COOP:072730,'DOVER DE US',201104,332,594
COOP:072730,'DOVER DE US',201105,337,681
COOP:072730,'DOVER DE US',201106,183,763
COOP:072730,'DOVER DE US',201107,422,820
COOP:072730,'DOVER DE US',201108,863,762
COOP:072730,'DOVER DE US',201109,384,717
COOP:072730,'DOVER DE US',201110,317,583
COOP:072730,'DOVER DE US',201111,55,519
COOP:072730,'DOVER DE US',201112,437,450
COOP:072730,'DOVER DE US',201201,165,408
COOP:072730,'DOVER DE US',201202,98,425
COOP:072730,'DOVER DE US',201203,133,532
COOP:072730,'DOVER DE US',201204,35,556
COOP:072730,'DOVER DE US',201205,229,673
COOP:072730,'DOVER DE US',201206,146,731
COOP:072730,'DOVER DE US',201207,317,812
COOP:072730,'DOVER DE US',201208,268,775
COOP:072730,'DOVER DE US',201209,373,691
COOP:072730,'DOVER DE US',201210,89,600
COOP:072730,'DOVER DE US',201211,128,434
COOP:072730,'DOVER DE US',201212,411,444
COOP:072730,'DOVER DE US',201301,239,377
COOP:072730,'DOVER DE US',201302,239,359
COOP:072730,'DOVER DE US',201303,271,406
COOP:072730,'DOVER DE US',201304,424,555
COOP:072730,'DOVER DE US',201305,400,640
COOP:072730,'DOVER DE US',201306,941,735
COOP:072730,'DOVER DE US',201307,905,793
COOP:072730,'DOVER DE US',201308,429,739
COOP:072730,'DOVER DE US',201309,66,677
COOP:072730,'DOVER DE US',201310,580,597
COOP:072730,'DOVER DE US',201311,236,459
COOP:072730,'DOVER DE US',201312,528,412
COOP:072730,'DOVER DE US',201401,236,315
COOP:072730,'DOVER DE US',201402,492,340
COOP:072730,'DOVER DE US',201403,364,399
COOP:072730,'DOVER DE US',201404,407,540
COOP:072730,'DOVER DE US',201405,227,652
COOP:072730,'DOVER DE US',201406,378,734
COOP:072730,'DOVER DE US',201407,351,766
COOP:071200,'BEAR 2 SW DE US',200304,295,509
COOP:071200,'BEAR 2 SW DE US',200305,450,584
COOP:071200,'BEAR 2 SW DE US',200306,894,690
COOP:071200,'BEAR 2 SW DE US',200307,273,755
COOP:071200,'BEAR 2 SW DE US',200308,510,768
COOP:071200,'BEAR 2 SW DE US',200309,982,680
COOP:071200,'BEAR 2 SW DE US',200310,479,532
COOP:071200,'BEAR 2 SW DE US',200311,367,490
COOP:071200,'BEAR 2 SW DE US',200312,509,351
COOP:071200,'BEAR 2 SW DE US',200401,162,255
COOP:071200,'BEAR 2 SW DE US',200402,255,333
COOP:071200,'BEAR 2 SW DE US',200403,326,445
COOP:071200,'BEAR 2 SW DE US',200404,533,537
COOP:071200,'BEAR 2 SW DE US',200405,368,685
COOP:071200,'BEAR 2 SW DE US',200406,629,703
COOP:071200,'BEAR 2 SW DE US',200407,1101,750
COOP:071200,'BEAR 2 SW DE US',200408,594,737
COOP:071200,'BEAR 2 SW DE US',200410,231,546
COOP:071200,'BEAR 2 SW DE US',200411,522,461
COOP:071200,'BEAR 2 SW DE US',200412,318,365
COOP:071200,'BEAR 2 SW DE US',200502,263,345
COOP:071200,'BEAR 2 SW DE US',200503,463,378
COOP:071200,'BEAR 2 SW DE US',200504,490,533
COOP:071200,'BEAR 2 SW DE US',200505,317,572
COOP:071200,'BEAR 2 SW DE US',200506,298,732
COOP:071200,'BEAR 2 SW DE US',200507,386,774
COOP:071200,'BEAR 2 SW DE US',200508,232,780
COOP:071200,'BEAR 2 SW DE US',200509,109,706
COOP:071200,'BEAR 2 SW DE US',200510,793,565
COOP:071200,'BEAR 2 SW DE US',200511,242,468
COOP:071200,'BEAR 2 SW DE US',200512,354,332
COOP:071200,'BEAR 2 SW DE US',200601,403,393
COOP:071200,'BEAR 2 SW DE US',200602,210,340
COOP:071200,'BEAR 2 SW DE US',200603,17,432
COOP:071200,'BEAR 2 SW DE US',200604,389,543
COOP:071200,'BEAR 2 SW DE US',200605,122,616
COOP:071200,'BEAR 2 SW DE US',200606,854,703
COOP:071200,'BEAR 2 SW DE US',200608,190,756
COOP:071200,'BEAR 2 SW DE US',200609,695,647
COOP:071200,'BEAR 2 SW DE US',200610,539,541
COOP:071200,'BEAR 2 SW DE US',200611,486,490
COOP:071200,'BEAR 2 SW DE US',200612,186,408
COOP:071200,'BEAR 2 SW DE US',200701,341,378
COOP:071200,'BEAR 2 SW DE US',200702,225,280
COOP:071200,'BEAR 2 SW DE US',200703,492,427
COOP:071200,'BEAR 2 SW DE US',200704,867,498
COOP:071200,'BEAR 2 SW DE US',200705,147,634
COOP:071200,'BEAR 2 SW DE US',200706,346,717
COOP:071200,'BEAR 2 SW DE US',200707,633,746
COOP:071200,'BEAR 2 SW DE US',200708,310,749
COOP:071200,'BEAR 2 SW DE US',200709,75,684
COOP:071200,'BEAR 2 SW DE US',200710,536,617
COOP:071200,'BEAR 2 SW DE US',200711,211,438
COOP:071200,'BEAR 2 SW DE US',200712,509,366
COOP:071200,'BEAR 2 SW DE US',200801,161,343
COOP:071200,'BEAR 2 SW DE US',200802,431,359
COOP:071200,'BEAR 2 SW DE US',200803,325,438
COOP:071200,'BEAR 2 SW DE US',200804,227,549
COOP:071200,'BEAR 2 SW DE US',200805,568,591
COOP:071200,'BEAR 2 SW DE US',200806,335,740
COOP:071200,'BEAR 2 SW DE US',200807,575,766
COOP:071200,'BEAR 2 SW DE US',200808,148,721
COOP:071200,'BEAR 2 SW DE US',200809,515,686
COOP:071200,'BEAR 2 SW DE US',200811,376,452
COOP:071200,'BEAR 2 SW DE US',200812,435,382
COOP:071200,'BEAR 2 SW DE US',200901,285,281
COOP:071200,'BEAR 2 SW DE US',200902,39,362
COOP:071200,'BEAR 2 SW DE US',200903,250,415
COOP:071200,'BEAR 2 SW DE US',200904,465,537
COOP:071200,'BEAR 2 SW DE US',200905,476,626
COOP:071200,'BEAR 2 SW DE US',200906,517,700
COOP:071200,'BEAR 2 SW DE US',200907,299,728
COOP:071200,'BEAR 2 SW DE US',200908,695,756
COOP:071200,'BEAR 2 SW DE US',200909,604,652
COOP:071200,'BEAR 2 SW DE US',200910,625,543
COOP:071200,'BEAR 2 SW DE US',200911,308,489
COOP:071200,'BEAR 2 SW DE US',200912,863,351
COOP:071200,'BEAR 2 SW DE US',201001,290,318
COOP:071200,'BEAR 2 SW DE US',201002,563,309
COOP:071200,'BEAR 2 SW DE US',201003,583,471
COOP:071200,'BEAR 2 SW DE US',201004,291,554
COOP:071200,'BEAR 2 SW DE US',201005,219,647
COOP:071200,'BEAR 2 SW DE US',201006,115,762
COOP:071200,'BEAR 2 SW DE US',201007,494,788
COOP:071200,'BEAR 2 SW DE US',201008,165,763
COOP:071200,'BEAR 2 SW DE US',201009,532,700
COOP:071200,'BEAR 2 SW DE US',201010,562,563
COOP:071200,'BEAR 2 SW DE US',201011,235,461
COOP:071200,'BEAR 2 SW DE US',201012,244,317
COOP:071200,'BEAR 2 SW DE US',201101,305,286
COOP:071200,'BEAR 2 SW DE US',201102,283,362
COOP:071200,'BEAR 2 SW DE US',201103,447,425
COOP:071200,'BEAR 2 SW DE US',201104,437,566
COOP:071200,'BEAR 2 SW DE US',201105,363,659
COOP:071200,'BEAR 2 SW DE US',201106,395,731
COOP:071200,'BEAR 2 SW DE US',201107,548,794
COOP:071200,'BEAR 2 SW DE US',201108,1502,740
COOP:071200,'BEAR 2 SW DE US',201109,641,695
COOP:071200,'BEAR 2 SW DE US',201110,351,555
COOP:071200,'BEAR 2 SW DE US',201111,401,491
COOP:071200,'BEAR 2 SW DE US',201112,448,411
COOP:071200,'BEAR 2 SW DE US',201201,284,369
COOP:071200,'BEAR 2 SW DE US',201202,188,393
COOP:071200,'BEAR 2 SW DE US',201203,79,511
COOP:071200,'BEAR 2 SW DE US',201204,282,528
COOP:071200,'BEAR 2 SW DE US',201205,204,663
COOP:071200,'BEAR 2 SW DE US',201206,724,708
COOP:071200,'BEAR 2 SW DE US',201207,336,791
COOP:071200,'BEAR 2 SW DE US',201208,409,755
COOP:071200,'BEAR 2 SW DE US',201209,559,672
COOP:071200,'BEAR 2 SW DE US',201210,836,571
COOP:071200,'BEAR 2 SW DE US',201211,96,418
COOP:079605,'WILMNGTON PORTER RSV DE US',200001,341,309
COOP:079605,'WILMNGTON PORTER RSV DE US',200002,192,362
COOP:079605,'WILMNGTON PORTER RSV DE US',200003,963,471
COOP:079605,'WILMNGTON PORTER RSV DE US',200004,311,516
COOP:079605,'WILMNGTON PORTER RSV DE US',200005,379,641
COOP:079605,'WILMNGTON PORTER RSV DE US',200006,623,719
COOP:079605,'WILMNGTON PORTER RSV DE US',200007,615,729
COOP:079605,'WILMNGTON PORTER RSV DE US',200008,273,726
COOP:079605,'WILMNGTON PORTER RSV DE US',200009,593,650
COOP:079605,'WILMNGTON PORTER RSV DE US',200010,69,567
COOP:079605,'WILMNGTON PORTER RSV DE US',200011,284,439
COOP:079605,'WILMNGTON PORTER RSV DE US',200012,393,292
COOP:079605,'WILMNGTON PORTER RSV DE US',200101,315,313
COOP:079605,'WILMNGTON PORTER RSV DE US',200102,337,359
COOP:079605,'WILMNGTON PORTER RSV DE US',200103,623,391
COOP:079605,'WILMNGTON PORTER RSV DE US',200104,194,537
COOP:079605,'WILMNGTON PORTER RSV DE US',200105,542,630
COOP:079605,'WILMNGTON PORTER RSV DE US',200106,460,733
COOP:079605,'WILMNGTON PORTER RSV DE US',200107,157,730
COOP:079605,'WILMNGTON PORTER RSV DE US',200108,328,775
COOP:079605,'WILMNGTON PORTER RSV DE US',200109,279,658
COOP:079605,'WILMNGTON PORTER RSV DE US',200110,87,566
COOP:079605,'WILMNGTON PORTER RSV DE US',200111,113,515
COOP:079605,'WILMNGTON PORTER RSV DE US',200112,272,422
COOP:079605,'WILMNGTON PORTER RSV DE US',200201,344,378
COOP:079605,'WILMNGTON PORTER RSV DE US',200202,44,397
COOP:079605,'WILMNGTON PORTER RSV DE US',200203,554,439
COOP:079605,'WILMNGTON PORTER RSV DE US',200204,307,560
COOP:079605,'WILMNGTON PORTER RSV DE US',200205,477,614
COOP:079605,'WILMNGTON PORTER RSV DE US',200206,438,717
COOP:079605,'WILMNGTON PORTER RSV DE US',200207,221,774
COOP:079605,'WILMNGTON PORTER RSV DE US',200208,206,775
COOP:079605,'WILMNGTON PORTER RSV DE US',200209,363,693
COOP:079605,'WILMNGTON PORTER RSV DE US',200210,763,551
COOP:079605,'WILMNGTON PORTER RSV DE US',200211,453,439
COOP:079605,'WILMNGTON PORTER RSV DE US',200212,536,339
COOP:079605,'WILMNGTON PORTER RSV DE US',200301,257,275
COOP:079605,'WILMNGTON PORTER RSV DE US',200302,600,288
COOP:079605,'WILMNGTON PORTER RSV DE US',200303,517,427
COOP:079605,'WILMNGTON PORTER RSV DE US',200304,278,512
COOP:079605,'WILMNGTON PORTER RSV DE US',200305,409,580
COOP:079605,'WILMNGTON PORTER RSV DE US',200306,991,685
COOP:079605,'WILMNGTON PORTER RSV DE US',200307,195,755
COOP:079605,'WILMNGTON PORTER RSV DE US',200308,856,761
COOP:079605,'WILMNGTON PORTER RSV DE US',200309,949,677
COOP:079605,'WILMNGTON PORTER RSV DE US',200310,556,538
COOP:079605,'WILMNGTON PORTER RSV DE US',200311,365,495
COOP:079605,'WILMNGTON PORTER RSV DE US',200312,525,353
COOP:079605,'WILMNGTON PORTER RSV DE US',200401,198,246
COOP:079605,'WILMNGTON PORTER RSV DE US',200402,268,340
COOP:079605,'WILMNGTON PORTER RSV DE US',200403,376,441
COOP:079605,'WILMNGTON PORTER RSV DE US',200404,626,530
COOP:079605,'WILMNGTON PORTER RSV DE US',200405,366,680
COOP:079605,'WILMNGTON PORTER RSV DE US',200406,714,699
COOP:079605,'WILMNGTON PORTER RSV DE US',200407,1166,742
COOP:079605,'WILMNGTON PORTER RSV DE US',200408,308,728
COOP:079605,'WILMNGTON PORTER RSV DE US',200409,955,687
COOP:079605,'WILMNGTON PORTER RSV DE US',200410,296,547
COOP:079605,'WILMNGTON PORTER RSV DE US',200411,516,470
COOP:079605,'WILMNGTON PORTER RSV DE US',200501,449,328
COOP:079605,'WILMNGTON PORTER RSV DE US',200502,261,353
COOP:079605,'WILMNGTON PORTER RSV DE US',200503,449,383
COOP:079605,'WILMNGTON PORTER RSV DE US',200504,621,539
COOP:079605,'WILMNGTON PORTER RSV DE US',200505,189,582
COOP:079605,'WILMNGTON PORTER RSV DE US',200506,208,734
COOP:079605,'WILMNGTON PORTER RSV DE US',200507,471,776
COOP:079605,'WILMNGTON PORTER RSV DE US',200508,203,779
COOP:079605,'WILMNGTON PORTER RSV DE US',200509,95,719
COOP:079605,'WILMNGTON PORTER RSV DE US',200510,723,573
COOP:079605,'WILMNGTON PORTER RSV DE US',200511,264,483
COOP:079605,'WILMNGTON PORTER RSV DE US',200512,383,331
COOP:079605,'WILMNGTON PORTER RSV DE US',200601,375,398
COOP:079605,'WILMNGTON PORTER RSV DE US',200602,163,344
COOP:079605,'WILMNGTON PORTER RSV DE US',200603,60,436
COOP:079605,'WILMNGTON PORTER RSV DE US',200604,446,557
COOP:079605,'WILMNGTON PORTER RSV DE US',200605,207,630
COOP:079605,'WILMNGTON PORTER RSV DE US',200606,1223,716
COOP:079605,'WILMNGTON PORTER RSV DE US',200607,472,783
COOP:079605,'WILMNGTON PORTER RSV DE US',200608,287,766
COOP:079605,'WILMNGTON PORTER RSV DE US',200609,747,657
COOP:079605,'WILMNGTON PORTER RSV DE US',200610,616,545
COOP:079605,'WILMNGTON PORTER RSV DE US',200611,479,499
COOP:079605,'WILMNGTON PORTER RSV DE US',200612,198,421
COOP:079605,'WILMNGTON PORTER RSV DE US',200701,521,371
COOP:079605,'WILMNGTON PORTER RSV DE US',200702,186,262
COOP:079605,'WILMNGTON PORTER RSV DE US',200703,417,427
COOP:079605,'WILMNGTON PORTER RSV DE US',200704,769,497
COOP:079605,'WILMNGTON PORTER RSV DE US',200705,175,651
COOP:079605,'WILMNGTON PORTER RSV DE US',200706,392,723
COOP:079605,'WILMNGTON PORTER RSV DE US',200707,285,753
COOP:079605,'WILMNGTON PORTER RSV DE US',200708,584,752
COOP:079605,'WILMNGTON PORTER RSV DE US',200709,100,700
COOP:079605,'WILMNGTON PORTER RSV DE US',200710,594,625
COOP:079605,'WILMNGTON PORTER RSV DE US',200711,178,439
COOP:079605,'WILMNGTON PORTER RSV DE US',200712,528,363
COOP:079605,'WILMNGTON PORTER RSV DE US',200801,183,346
COOP:079605,'WILMNGTON PORTER RSV DE US',200802,459,349
COOP:079605,'WILMNGTON PORTER RSV DE US',200803,513,432
COOP:079605,'WILMNGTON PORTER RSV DE US',200804,222,552
COOP:079605,'WILMNGTON PORTER RSV DE US',200805,388,592
COOP:079605,'WILMNGTON PORTER RSV DE US',200806,245,749
COOP:079605,'WILMNGTON PORTER RSV DE US',200807,707,774
COOP:079605,'WILMNGTON PORTER RSV DE US',200808,134,727
COOP:079605,'WILMNGTON PORTER RSV DE US',200809,557,680
COOP:079605,'WILMNGTON PORTER RSV DE US',200810,226,545
COOP:079605,'WILMNGTON PORTER RSV DE US',200811,402,439
COOP:079605,'WILMNGTON PORTER RSV DE US',200812,446,366
COOP:079605,'WILMNGTON PORTER RSV DE US',200901,209,277
COOP:079605,'WILMNGTON PORTER RSV DE US',200902,94,367
COOP:079605,'WILMNGTON PORTER RSV DE US',200903,235,423
COOP:079605,'WILMNGTON PORTER RSV DE US',200904,496,536
COOP:079605,'WILMNGTON PORTER RSV DE US',200905,425,634
COOP:079605,'WILMNGTON PORTER RSV DE US',200906,594,695
COOP:079605,'WILMNGTON PORTER RSV DE US',200907,482,732
COOP:079605,'WILMNGTON PORTER RSV DE US',200908,807,760
COOP:079605,'WILMNGTON PORTER RSV DE US',200909,459,658
COOP:079605,'WILMNGTON PORTER RSV DE US',200910,844,545
COOP:079605,'WILMNGTON PORTER RSV DE US',200912,875,352
COOP:079605,'WILMNGTON PORTER RSV DE US',201001,249,310
COOP:079605,'WILMNGTON PORTER RSV DE US',201002,625,308
COOP:079605,'WILMNGTON PORTER RSV DE US',201003,624,484
COOP:079605,'WILMNGTON PORTER RSV DE US',201004,270,567
COOP:079605,'WILMNGTON PORTER RSV DE US',201005,248,656
COOP:079605,'WILMNGTON PORTER RSV DE US',201006,140,761
COOP:079605,'WILMNGTON PORTER RSV DE US',201007,966,796
COOP:079605,'WILMNGTON PORTER RSV DE US',201008,161,767
COOP:079605,'WILMNGTON PORTER RSV DE US',201009,517,709
COOP:079605,'WILMNGTON PORTER RSV DE US',201010,232,567
COOP:079605,'WILMNGTON PORTER RSV DE US',201011,260,465
COOP:079605,'WILMNGTON PORTER RSV DE US',201012,236,307
COOP:079605,'WILMNGTON PORTER RSV DE US',201101,272,278
COOP:079605,'WILMNGTON PORTER RSV DE US',201102,204,359
COOP:079605,'WILMNGTON PORTER RSV DE US',201103,488,416
COOP:079605,'WILMNGTON PORTER RSV DE US',201105,458,657
COOP:079605,'WILMNGTON PORTER RSV DE US',201106,311,736
COOP:079605,'WILMNGTON PORTER RSV DE US',201107,88,804
COOP:079605,'WILMNGTON PORTER RSV DE US',201108,1475,744
COOP:079605,'WILMNGTON PORTER RSV DE US',201109,596,688
COOP:079605,'WILMNGTON PORTER RSV DE US',201110,375,557
COOP:079605,'WILMNGTON PORTER RSV DE US',201111,448,496
COOP:079605,'WILMNGTON PORTER RSV DE US',201112,561,415
COOP:079605,'WILMNGTON PORTER RSV DE US',201202,200,392
COOP:079605,'WILMNGTON PORTER RSV DE US',201203,123,503
COOP:079605,'WILMNGTON PORTER RSV DE US',201204,263,529
COOP:079605,'WILMNGTON PORTER RSV DE US',201205,326,658
COOP:079605,'WILMNGTON PORTER RSV DE US',201206,401,716
COOP:079605,'WILMNGTON PORTER RSV DE US',201207,139,807
COOP:079605,'WILMNGTON PORTER RSV DE US',201208,407,761
COOP:079605,'WILMNGTON PORTER RSV DE US',201209,648,673
COOP:079605,'WILMNGTON PORTER RSV DE US',201210,740,571
COOP:079605,'WILMNGTON PORTER RSV DE US',201211,139,425
COOP:079605,'WILMNGTON PORTER RSV DE US',201212,480,411
COOP:079605,'WILMNGTON PORTER RSV DE US',201301,401,345
COOP:079605,'WILMNGTON PORTER RSV DE US',201302,184,329
COOP:079605,'WILMNGTON PORTER RSV DE US',201303,240,393
COOP:079605,'WILMNGTON PORTER RSV DE US',201305,305,622
COOP:079605,'WILMNGTON PORTER RSV DE US',201306,1223,725
COOP:079605,'WILMNGTON PORTER RSV DE US',201307,449,791
COOP:079605,'WILMNGTON PORTER RSV DE US',201308,455,728
COOP:079605,'WILMNGTON PORTER RSV DE US',201309,215,660
COOP:079605,'WILMNGTON PORTER RSV DE US',201310,345,578
COOP:079605,'WILMNGTON PORTER RSV DE US',201311,202,442
COOP:079605,'WILMNGTON PORTER RSV DE US',201312,469,367
COOP:079605,'WILMNGTON PORTER RSV DE US',201401,245,265
COOP:079605,'WILMNGTON PORTER RSV DE US',201402,526,301
COOP:079605,'WILMNGTON PORTER RSV DE US',201403,419,364
COOP:079605,'WILMNGTON PORTER RSV DE US',201404,810,521
COOP:079605,'WILMNGTON PORTER RSV DE US',201405,247,637
COOP:079605,'WILMNGTON PORTER RSV DE US',201406,315,728
COOP:079605,'WILMNGTON PORTER RSV DE US',201407,343,765
COOP:078508,'SMYRNA 1 W DE US',200312,539,352
COOP:078508,'SMYRNA 1 W DE US',200401,171,263
COOP:078508,'SMYRNA 1 W DE US',200402,236,330
COOP:078508,'SMYRNA 1 W DE US',200403,317,435
COOP:078508,'SMYRNA 1 W DE US',200404,635,534
COOP:078508,'SMYRNA 1 W DE US',200405,219,687
COOP:078508,'SMYRNA 1 W DE US',200406,606,698
COOP:236777,'POMME DE TERRE DAM MO US',200003,282,497
COOP:236777,'POMME DE TERRE DAM MO US',200004,80,543
COOP:236777,'POMME DE TERRE DAM MO US',200005,339,675
COOP:236777,'POMME DE TERRE DAM MO US',200006,532,714
COOP:236777,'POMME DE TERRE DAM MO US',200007,660,771
COOP:236777,'POMME DE TERRE DAM MO US',200008,47,821
COOP:236777,'POMME DE TERRE DAM MO US',200009,264,706
COOP:236777,'POMME DE TERRE DAM MO US',200010,266,616
COOP:236777,'POMME DE TERRE DAM MO US',200011,253,408
COOP:236777,'POMME DE TERRE DAM MO US',200101,192,289
COOP:236777,'POMME DE TERRE DAM MO US',200102,485,362
COOP:236777,'POMME DE TERRE DAM MO US',200103,162,406
COOP:236777,'POMME DE TERRE DAM MO US',200104,275,602
COOP:236777,'POMME DE TERRE DAM MO US',200105,710,671
COOP:236777,'POMME DE TERRE DAM MO US',200106,879,721
COOP:236777,'POMME DE TERRE DAM MO US',200107,973,797
COOP:236777,'POMME DE TERRE DAM MO US',200108,87,784
COOP:236777,'POMME DE TERRE DAM MO US',200109,341,677
COOP:236777,'POMME DE TERRE DAM MO US',200110,748,588
COOP:236777,'POMME DE TERRE DAM MO US',200111,227,514
COOP:236777,'POMME DE TERRE DAM MO US',200202,69,355
COOP:236777,'POMME DE TERRE DAM MO US',200204,436,575
COOP:236777,'POMME DE TERRE DAM MO US',200205,1067,617
COOP:236777,'POMME DE TERRE DAM MO US',200206,210,744
COOP:236777,'POMME DE TERRE DAM MO US',200207,552,788
COOP:236777,'POMME DE TERRE DAM MO US',200208,180,780
COOP:236777,'POMME DE TERRE DAM MO US',200209,244,716
COOP:236777,'POMME DE TERRE DAM MO US',200210,221,541
COOP:236777,'POMME DE TERRE DAM MO US',200302,215,310
COOP:236777,'POMME DE TERRE DAM MO US',200304,426,569
COOP:236777,'POMME DE TERRE DAM MO US',200305,482,637
COOP:236777,'POMME DE TERRE DAM MO US',200306,233,690
COOP:236777,'POMME DE TERRE DAM MO US',200307,225,786
COOP:236777,'POMME DE TERRE DAM MO US',200308,391,791
COOP:236777,'POMME DE TERRE DAM MO US',200309,673,655
COOP:236777,'POMME DE TERRE DAM MO US',200310,330,580
COOP:236777,'POMME DE TERRE DAM MO US',200403,554,471
COOP:236777,'POMME DE TERRE DAM MO US',200404,341,559
COOP:236777,'POMME DE TERRE DAM MO US',200405,399,670
COOP:236777,'POMME DE TERRE DAM MO US',200406,356,705
COOP:236777,'POMME DE TERRE DAM MO US',200407,503,744
COOP:236777,'POMME DE TERRE DAM MO US',200408,522,720
COOP:236777,'POMME DE TERRE DAM MO US',200409,69,689
COOP:236777,'POMME DE TERRE DAM MO US',200410,555,594
COOP:236777,'POMME DE TERRE DAM MO US',200502,262,395
COOP:236777,'POMME DE TERRE DAM MO US',200503,101,444
COOP:236777,'POMME DE TERRE DAM MO US',200504,306,563
COOP:236777,'POMME DE TERRE DAM MO US',200505,184,636
COOP:236777,'POMME DE TERRE DAM MO US',200506,693,750
COOP:236777,'POMME DE TERRE DAM MO US',200507,125,781
COOP:236777,'POMME DE TERRE DAM MO US',200508,480,782
COOP:236777,'POMME DE TERRE DAM MO US',200509,421,725
COOP:236777,'POMME DE TERRE DAM MO US',200510,93,578
COOP:236777,'POMME DE TERRE DAM MO US',200511,112,496
COOP:236777,'POMME DE TERRE DAM MO US',200602,0,392
COOP:236777,'POMME DE TERRE DAM MO US',200603,173,461
COOP:236777,'POMME DE TERRE DAM MO US',200604,582,608
COOP:236777,'POMME DE TERRE DAM MO US',200605,244,653
COOP:236777,'POMME DE TERRE DAM MO US',200606,148,741
COOP:236777,'POMME DE TERRE DAM MO US',200607,379,790
COOP:236777,'POMME DE TERRE DAM MO US',200608,415,799
COOP:236777,'POMME DE TERRE DAM MO US',200610,426,556
COOP:236777,'POMME DE TERRE DAM MO US',200612,412,379
COOP:236777,'POMME DE TERRE DAM MO US',200701,264,307
COOP:236777,'POMME DE TERRE DAM MO US',200702,153,292
COOP:236777,'POMME DE TERRE DAM MO US',200703,191,540
COOP:236777,'POMME DE TERRE DAM MO US',200704,431,523
COOP:236777,'POMME DE TERRE DAM MO US',200705,450,681
COOP:236777,'POMME DE TERRE DAM MO US',200706,518,731
COOP:236777,'POMME DE TERRE DAM MO US',200707,154,761
COOP:236777,'POMME DE TERRE DAM MO US',200708,268,818
COOP:236777,'POMME DE TERRE DAM MO US',200709,255,706
COOP:236777,'POMME DE TERRE DAM MO US',200710,218,605
COOP:236777,'POMME DE TERRE DAM MO US',200711,124,463
COOP:236777,'POMME DE TERRE DAM MO US',200712,308,348
COOP:236777,'POMME DE TERRE DAM MO US',200801,66,321
COOP:236777,'POMME DE TERRE DAM MO US',200804,934,532
COOP:236777,'POMME DE TERRE DAM MO US',200805,426,631
COOP:236777,'POMME DE TERRE DAM MO US',200806,1258,733
COOP:236777,'POMME DE TERRE DAM MO US',200807,204,778
COOP:236777,'POMME DE TERRE DAM MO US',200808,183,747
COOP:236777,'POMME DE TERRE DAM MO US',200809,984,671
COOP:236777,'POMME DE TERRE DAM MO US',200810,251,565
COOP:236777,'POMME DE TERRE DAM MO US',200811,145,443
COOP:236777,'POMME DE TERRE DAM MO US',200812,205,330
COOP:236777,'POMME DE TERRE DAM MO US',200901,42,286
COOP:236777,'POMME DE TERRE DAM MO US',200902,78,393
COOP:236777,'POMME DE TERRE DAM MO US',200903,333,457
COOP:236777,'POMME DE TERRE DAM MO US',200904,547,527
COOP:236777,'POMME DE TERRE DAM MO US',200905,633,636
COOP:236777,'POMME DE TERRE DAM MO US',200906,682,746
COOP:236777,'POMME DE TERRE DAM MO US',200907,397,730
COOP:236777,'POMME DE TERRE DAM MO US',200908,536,729
COOP:236777,'POMME DE TERRE DAM MO US',200909,324,662
COOP:236777,'POMME DE TERRE DAM MO US',200910,1182,497
COOP:236777,'POMME DE TERRE DAM MO US',200911,191,508
COOP:236777,'POMME DE TERRE DAM MO US',200912,167,311
COOP:236777,'POMME DE TERRE DAM MO US',201001,207,261
COOP:236777,'POMME DE TERRE DAM MO US',201002,248,294
COOP:236777,'POMME DE TERRE DAM MO US',201003,307,438
COOP:236777,'POMME DE TERRE DAM MO US',201004,450,605
COOP:236777,'POMME DE TERRE DAM MO US',201005,995,641
COOP:236777,'POMME DE TERRE DAM MO US',201006,193,789
COOP:236777,'POMME DE TERRE DAM MO US',201007,856,810
COOP:236777,'POMME DE TERRE DAM MO US',201008,161,806
COOP:236777,'POMME DE TERRE DAM MO US',201009,1065,700
COOP:236777,'POMME DE TERRE DAM MO US',201010,85,597
COOP:236777,'POMME DE TERRE DAM MO US',201011,372,480
COOP:236777,'POMME DE TERRE DAM MO US',201012,30,310
COOP:236777,'POMME DE TERRE DAM MO US',201101,126,279
COOP:236777,'POMME DE TERRE DAM MO US',201103,301,452
COOP:236777,'POMME DE TERRE DAM MO US',201104,362,573
COOP:236777,'POMME DE TERRE DAM MO US',201105,778,639
COOP:236777,'POMME DE TERRE DAM MO US',201106,168,781
COOP:236777,'POMME DE TERRE DAM MO US',201107,125,855
COOP:236777,'POMME DE TERRE DAM MO US',201108,631,791
COOP:236777,'POMME DE TERRE DAM MO US',201109,183,656
COOP:236777,'POMME DE TERRE DAM MO US',201110,109,583
COOP:236777,'POMME DE TERRE DAM MO US',201111,578,486
COOP:236777,'POMME DE TERRE DAM MO US',201112,400,383
COOP:236777,'POMME DE TERRE DAM MO US',201201,5,375
COOP:236777,'POMME DE TERRE DAM MO US',201202,227,403
COOP:236777,'POMME DE TERRE DAM MO US',201203,405,565
COOP:236777,'POMME DE TERRE DAM MO US',201204,622,604
COOP:236777,'POMME DE TERRE DAM MO US',201205,317,691
COOP:236777,'POMME DE TERRE DAM MO US',201206,229,745
COOP:236777,'POMME DE TERRE DAM MO US',201207,127,834
COOP:236777,'POMME DE TERRE DAM MO US',201208,239,763
COOP:236777,'POMME DE TERRE DAM MO US',201209,425,673
COOP:236777,'POMME DE TERRE DAM MO US',201210,249,547
COOP:236777,'POMME DE TERRE DAM MO US',201211,107,455
COOP:236777,'POMME DE TERRE DAM MO US',201212,175,406
COOP:236777,'POMME DE TERRE DAM MO US',201301,292,350
COOP:236777,'POMME DE TERRE DAM MO US',201302,375,352
COOP:236777,'POMME DE TERRE DAM MO US',201303,404,405
COOP:236777,'POMME DE TERRE DAM MO US',201304,713,524
COOP:236777,'POMME DE TERRE DAM MO US',201305,328,629
COOP:236777,'POMME DE TERRE DAM MO US',201306,405,738
COOP:236777,'POMME DE TERRE DAM MO US',201307,213,763
COOP:236777,'POMME DE TERRE DAM MO US',201308,1006,747
COOP:236777,'POMME DE TERRE DAM MO US',201309,233,712
COOP:236777,'POMME DE TERRE DAM MO US',201310,437,573
COOP:236777,'POMME DE TERRE DAM MO US',201311,261,423
COOP:236777,'POMME DE TERRE DAM MO US',201312,150,311
COOP:236777,'POMME DE TERRE DAM MO US',201401,55,264
COOP:236777,'POMME DE TERRE DAM MO US',201402,39,267
COOP:236777,'POMME DE TERRE DAM MO US',201403,112,396
COOP:236777,'POMME DE TERRE DAM MO US',201404,347,552
COOP:236777,'POMME DE TERRE DAM MO US',201405,290,649
COOP:236777,'POMME DE TERRE DAM MO US',201406,523,739
COOP:236777,'POMME DE TERRE DAM MO US',201407,168,731
COOP:075320,'LEWES DE US',200001,412,366
COOP:075320,'LEWES DE US',200002,205,427
COOP:075320,'LEWES DE US',200003,587,510
COOP:075320,'LEWES DE US',200004,341,546
COOP:075320,'LEWES DE US',200005,362,668
COOP:075320,'LEWES DE US',200006,476,752
COOP:075320,'LEWES DE US',200007,942,752
COOP:075320,'LEWES DE US',200008,469,753
COOP:075320,'LEWES DE US',200009,646,698
COOP:075320,'LEWES DE US',200010,4,604
COOP:075320,'LEWES DE US',200011,284,473
COOP:075320,'LEWES DE US',200012,211,343
COOP:075320,'LEWES DE US',200101,286,352
COOP:075320,'LEWES DE US',200102,345,416
COOP:075320,'LEWES DE US',200103,521,431
COOP:075320,'LEWES DE US',200104,176,568
COOP:075320,'LEWES DE US',200105,174,651
COOP:075320,'LEWES DE US',200106,464,749
COOP:075320,'LEWES DE US',200107,744,749
COOP:075320,'LEWES DE US',200108,629,787
COOP:075320,'LEWES DE US',200109,197,696
COOP:075320,'LEWES DE US',200110,146,604
COOP:075320,'LEWES DE US',200111,57,543
COOP:075320,'LEWES DE US',200112,241,474
COOP:075320,'LEWES DE US',200201,283,430
COOP:075320,'LEWES DE US',200202,108,447
COOP:075320,'LEWES DE US',200203,486,490
COOP:075320,'LEWES DE US',200204,376,598
COOP:075320,'LEWES DE US',200205,331,654
COOP:075320,'LEWES DE US',200206,241,751
COOP:075320,'LEWES DE US',200207,326,794
COOP:075320,'LEWES DE US',200208,289,789
COOP:075320,'LEWES DE US',200209,782,723
COOP:075320,'LEWES DE US',200210,762,614
COOP:075320,'LEWES DE US',200211,684,490
COOP:075320,'LEWES DE US',200212,361,394
COOP:075320,'LEWES DE US',200301,141,319
COOP:075320,'LEWES DE US',200302,642,351
COOP:075320,'LEWES DE US',200303,411,466
COOP:075320,'LEWES DE US',200304,453,531
COOP:075320,'LEWES DE US',200305,422,595
COOP:075320,'LEWES DE US',200306,519,722
COOP:075320,'LEWES DE US',200307,705,787
COOP:075320,'LEWES DE US',200308,421,786
COOP:075320,'LEWES DE US',200309,472,715
COOP:075320,'LEWES DE US',200310,419,588
COOP:075320,'LEWES DE US',200311,618,542
COOP:075320,'LEWES DE US',200312,743,409
COOP:075320,'LEWES DE US',200401,246,321
COOP:075320,'LEWES DE US',200402,184,386
COOP:075320,'LEWES DE US',200403,299,475
COOP:075320,'LEWES DE US',200404,626,563
COOP:075320,'LEWES DE US',200405,242,717
COOP:075320,'LEWES DE US',200406,265,736
COOP:075320,'LEWES DE US',200407,383,780
COOP:075320,'LEWES DE US',200408,690,759
COOP:075320,'LEWES DE US',200409,249,713
COOP:075320,'LEWES DE US',200410,178,587
COOP:075320,'LEWES DE US',200411,498,510
COOP:075320,'LEWES DE US',200412,293,425
COOP:075320,'LEWES DE US',200501,435,371
COOP:075320,'LEWES DE US',200502,217,379
COOP:075320,'LEWES DE US',200503,508,412
COOP:075320,'LEWES DE US',200504,266,561
COOP:075320,'LEWES DE US',200505,661,598
COOP:075320,'LEWES DE US',200506,566,744
COOP:075320,'LEWES DE US',200507,599,797
COOP:075320,'LEWES DE US',200508,227,799
COOP:075320,'LEWES DE US',200509,64,741
COOP:075320,'LEWES DE US',200510,856,611
COOP:075320,'LEWES DE US',200511,390,535
COOP:075320,'LEWES DE US',200512,436,376
COOP:075320,'LEWES DE US',200601,452,451
COOP:075320,'LEWES DE US',200602,191,403
COOP:075320,'LEWES DE US',200603,11,466
COOP:075320,'LEWES DE US',200604,201,584
COOP:075320,'LEWES DE US',200605,252,648
COOP:075320,'LEWES DE US',200606,1013,732
COOP:075320,'LEWES DE US',200607,398,807
COOP:075320,'LEWES DE US',200608,72,798
COOP:075320,'LEWES DE US',200609,662,688
COOP:075320,'LEWES DE US',200610,561,589
COOP:075320,'LEWES DE US',200611,607,531
COOP:075320,'LEWES DE US',200612,265,477
COOP:075320,'LEWES DE US',200701,417,437
COOP:075320,'LEWES DE US',200702,309,320
COOP:075320,'LEWES DE US',200703,328,476
COOP:075320,'LEWES DE US',200704,463,525
COOP:075320,'LEWES DE US',200705,93,659
COOP:075320,'LEWES DE US',200706,425,750
COOP:075320,'LEWES DE US',200707,158,776
COOP:075320,'LEWES DE US',200708,317,788
COOP:075320,'LEWES DE US',200709,112,726
COOP:075320,'LEWES DE US',200710,557,666
COOP:075320,'LEWES DE US',200711,172,499
COOP:075320,'LEWES DE US',200712,515,419
COOP:075320,'LEWES DE US',200801,158,400
COOP:075320,'LEWES DE US',200802,447,420
COOP:075320,'LEWES DE US',200803,244,485
COOP:075320,'LEWES DE US',200804,314,568
COOP:075320,'LEWES DE US',200805,601,635
COOP:075320,'LEWES DE US',200806,246,780
COOP:075320,'LEWES DE US',200807,474,794
COOP:075320,'LEWES DE US',200808,193,752
COOP:075320,'LEWES DE US',200809,626,717
COOP:075320,'LEWES DE US',200810,200,593
COOP:075320,'LEWES DE US',200811,621,479
COOP:075320,'LEWES DE US',200812,646,447
COOP:075320,'LEWES DE US',200901,222,333
COOP:075320,'LEWES DE US',200902,91,414
COOP:075320,'LEWES DE US',200903,257,457
COOP:075320,'LEWES DE US',200904,723,570
COOP:075320,'LEWES DE US',200905,528,653
COOP:075320,'LEWES DE US',200906,397,719
COOP:075320,'LEWES DE US',200907,293,765
COOP:075320,'LEWES DE US',200908,605,792
COOP:075320,'LEWES DE US',200909,556,705
COOP:075320,'LEWES DE US',200910,835,598
COOP:075320,'LEWES DE US',200911,575,530
COOP:075320,'LEWES DE US',200912,736,402
