COOP:377581,'TIVERTON RI US',200001,369,293
COOP:377581,'TIVERTON RI US',200002,339,354
COOP:377581,'TIVERTON RI US',200003,627,441
COOP:377581,'TIVERTON RI US',200004,555,479
COOP:377581,'TIVERTON RI US',200005,336,586
COOP:377581,'TIVERTON RI US',200006,384,674
COOP:377581,'TIVERTON RI US',200007,405,705
COOP:377581,'TIVERTON RI US',200008,353,713
COOP:377581,'TIVERTON RI US',200009,433,649
COOP:377581,'TIVERTON RI US',200010,109,551
COOP:377581,'TIVERTON RI US',200011,363,449
COOP:377581,'TIVERTON RI US',200012,534,309
COOP:377581,'TIVERTON RI US',200101,347,316
COOP:377581,'TIVERTON RI US',200102,289,334
COOP:377581,'TIVERTON RI US',200103,1144,379
COOP:377581,'TIVERTON RI US',200104,248,491
COOP:377581,'TIVERTON RI US',200105,290,600
COOP:377581,'TIVERTON RI US',200106,620,709
COOP:377581,'TIVERTON RI US',200107,446,700
COOP:377581,'TIVERTON RI US',200108,428,745
COOP:377581,'TIVERTON RI US',200109,216,668
COOP:377581,'TIVERTON RI US',200110,198,568
COOP:377581,'TIVERTON RI US',200111,85,498
COOP:377581,'TIVERTON RI US',200112,253,414
COOP:377581,'TIVERTON RI US',200201,313,377
COOP:377581,'TIVERTON RI US',200202,156,371
COOP:377581,'TIVERTON RI US',200203,556,413
COOP:377581,'TIVERTON RI US',200204,380,512
COOP:377581,'TIVERTON RI US',200205,578,567
COOP:377581,'TIVERTON RI US',200206,390,657
COOP:377581,'TIVERTON RI US',200207,33,740
COOP:377581,'TIVERTON RI US',200208,73,743
COOP:377581,'TIVERTON RI US',200209,602,680
COOP:377581,'TIVERTON RI US',200210,452,537
COOP:377581,'TIVERTON RI US',200211,569,443
COOP:377581,'TIVERTON RI US',200212,536,345
COOP:377581,'TIVERTON RI US',200301,217,266
COOP:377581,'TIVERTON RI US',200302,517,283
COOP:377581,'TIVERTON RI US',200303,665,387
COOP:377581,'TIVERTON RI US',200304,642,454
COOP:377581,'TIVERTON RI US',200305,314,554
COOP:377581,'TIVERTON RI US',200306,598,649
COOP:377581,'TIVERTON RI US',200307,344,735
COOP:377581,'TIVERTON RI US',200308,416,753
COOP:377581,'TIVERTON RI US',200309,367,670
COOP:377581,'TIVERTON RI US',200310,568,537
COOP:377581,'TIVERTON RI US',200311,277,474
COOP:377581,'TIVERTON RI US',200312,481,368
COOP:377581,'TIVERTON RI US',200401,202,222
COOP:377581,'TIVERTON RI US',200402,271,333
COOP:377581,'TIVERTON RI US',200403,354,390
COOP:377581,'TIVERTON RI US',200404,635,489
COOP:377581,'TIVERTON RI US',200405,330,588
COOP:377581,'TIVERTON RI US',200406,222,664
COOP:377581,'TIVERTON RI US',200407,239,714
COOP:377581,'TIVERTON RI US',200408,722,714
COOP:377581,'TIVERTON RI US',200409,695,666
COOP:377581,'TIVERTON RI US',200410,310,548
COOP:377581,'TIVERTON RI US',200411,460,446
COOP:377581,'TIVERTON RI US',200412,556,363
COOP:377581,'TIVERTON RI US',200501,556,284
COOP:377581,'TIVERTON RI US',200502,355,332
COOP:377581,'TIVERTON RI US',200503,647,360
COOP:377581,'TIVERTON RI US',200504,507,497
COOP:377581,'TIVERTON RI US',200505,410,533
COOP:377581,'TIVERTON RI US',200506,117,675
COOP:377581,'TIVERTON RI US',200507,109,732
COOP:377581,'TIVERTON RI US',200508,654,756
COOP:377581,'TIVERTON RI US',200509,301,694
COOP:377581,'TIVERTON RI US',200510,1046,563
COOP:377581,'TIVERTON RI US',200511,811,477
COOP:377581,'TIVERTON RI US',200512,389,346
COOP:377581,'TIVERTON RI US',200601,627,383
COOP:377581,'TIVERTON RI US',200602,263,332
COOP:377581,'TIVERTON RI US',200603,91,392
COOP:377581,'TIVERTON RI US',200604,313,499
COOP:377581,'TIVERTON RI US',200605,624,584
COOP:377581,'TIVERTON RI US',200606,995,671
COOP:377581,'TIVERTON RI US',200607,228,748
COOP:377581,'TIVERTON RI US',200608,477,723
COOP:377581,'TIVERTON RI US',200609,362,647
COOP:377581,'TIVERTON RI US',200610,664,550
COOP:377581,'TIVERTON RI US',200611,598,503
COOP:377581,'TIVERTON RI US',200612,254,419
COOP:377581,'TIVERTON RI US',200701,449,346
COOP:377581,'TIVERTON RI US',200702,281,287
COOP:377581,'TIVERTON RI US',200703,709,383
COOP:377581,'TIVERTON RI US',200704,855,453
COOP:377581,'TIVERTON RI US',200705,263,595
COOP:377581,'TIVERTON RI US',200706,318,685
COOP:377581,'TIVERTON RI US',200707,238,742
COOP:377581,'TIVERTON RI US',200708,157,731
COOP:377581,'TIVERTON RI US',200709,198,671
COOP:377581,'TIVERTON RI US',200710,248,587
COOP:377581,'TIVERTON RI US',200711,317,413
COOP:377581,'TIVERTON RI US',200712,469,322
COOP:377581,'TIVERTON RI US',200801,238,314
COOP:377581,'TIVERTON RI US',200802,619,324
COOP:377581,'TIVERTON RI US',200803,580,397
COOP:377581,'TIVERTON RI US',200804,448,510
COOP:377581,'TIVERTON RI US',200805,258,578
COOP:377581,'TIVERTON RI US',200806,235,715
COOP:377581,'TIVERTON RI US',200807,360,765
COOP:377581,'TIVERTON RI US',200808,277,713
COOP:377581,'TIVERTON RI US',200809,913,657
COOP:377581,'TIVERTON RI US',200810,228,523
COOP:377581,'TIVERTON RI US',200811,486,423
COOP:377581,'TIVERTON RI US',200812,696,355
COOP:377581,'TIVERTON RI US',200901,400,249
COOP:377581,'TIVERTON RI US',200902,192,324
COOP:377581,'TIVERTON RI US',200903,351,391
COOP:377581,'TIVERTON RI US',200904,672,512
COOP:377581,'TIVERTON RI US',200905,348,598
COOP:377581,'TIVERTON RI US',200906,430,654
COOP:377581,'TIVERTON RI US',200907,821,723
COOP:377581,'TIVERTON RI US',200908,397,760
COOP:377581,'TIVERTON RI US',200909,253,649
COOP:377581,'TIVERTON RI US',200910,611,512
COOP:377581,'TIVERTON RI US',200911,137,461
COOP:377581,'TIVERTON RI US',200912,641,315
COOP:377581,'TIVERTON RI US',201001,308,275
COOP:377581,'TIVERTON RI US',201002,535,307
COOP:377581,'TIVERTON RI US',201003,1703,431
COOP:377581,'TIVERTON RI US',201004,207,525
COOP:377581,'TIVERTON RI US',201005,224,627
COOP:377581,'TIVERTON RI US',201006,372,704
COOP:377581,'TIVERTON RI US',201007,249,774
COOP:377581,'TIVERTON RI US',201008,211,735
COOP:377581,'TIVERTON RI US',201009,216,679
COOP:377581,'TIVERTON RI US',201010,501,539
COOP:377581,'TIVERTON RI US',201011,422,418
COOP:377581,'TIVERTON RI US',201012,402,298
COOP:377581,'TIVERTON RI US',201104,572,493
COOP:377581,'TIVERTON RI US',201105,349,599
COOP:377581,'TIVERTON RI US',201106,417,684
COOP:377581,'TIVERTON RI US',201107,332,767
COOP:377581,'TIVERTON RI US',201108,569,738
COOP:377581,'TIVERTON RI US',201109,569,673
COOP:377581,'TIVERTON RI US',201110,836,550
COOP:377581,'TIVERTON RI US',201111,500,464
COOP:377581,'TIVERTON RI US',201112,419,376
COOP:377581,'TIVERTON RI US',201201,391,324
COOP:377581,'TIVERTON RI US',201202,137,351
COOP:377581,'TIVERTON RI US',201203,187,450
COOP:377581,'TIVERTON RI US',201204,266,524
COOP:377581,'TIVERTON RI US',201205,513,616
COOP:377581,'TIVERTON RI US',201206,360,676
COOP:377581,'TIVERTON RI US',201207,337,759
COOP:377581,'TIVERTON RI US',201208,465,750
COOP:377581,'TIVERTON RI US',201209,459,656
COOP:377581,'TIVERTON RI US',201210,488,560
COOP:377581,'TIVERTON RI US',201211,140,390
COOP:377581,'TIVERTON RI US',201212,670,366
COOP:377581,'TIVERTON RI US',201301,256,297
COOP:377581,'TIVERTON RI US',201302,636,307
COOP:377581,'TIVERTON RI US',201303,337,379
COOP:377581,'TIVERTON RI US',201304,243,490
COOP:377581,'TIVERTON RI US',201305,440,597
COOP:377581,'TIVERTON RI US',201306,1179,684
COOP:377581,'TIVERTON RI US',201307,231,775
COOP:377581,'TIVERTON RI US',201308,463,709
COOP:377581,'TIVERTON RI US',201309,257,639
COOP:377581,'TIVERTON RI US',201310,61,545
COOP:377581,'TIVERTON RI US',201311,450,400
COOP:377581,'TIVERTON RI US',201312,458,324
COOP:377581,'TIVERTON RI US',201401,430,257
COOP:377581,'TIVERTON RI US',201402,494,273
COOP:377581,'TIVERTON RI US',201403,721,333
COOP:377581,'TIVERTON RI US',201404,463,462
COOP:377581,'TIVERTON RI US',201405,221,582
COOP:377581,'TIVERTON RI US',201406,161,673
COOP:377581,'TIVERTON RI US',201407,663,726
COOP:379423,'WOONSOCKET RI US',200406,94,655
COOP:379423,'WOONSOCKET RI US',200501,602,249
COOP:379423,'WOONSOCKET RI US',200502,310,292
COOP:379423,'WOONSOCKET RI US',200503,612,332
COOP:379423,'WOONSOCKET RI US',200504,625,495
COOP:379423,'WOONSOCKET RI US',200505,531,528
COOP:379423,'WOONSOCKET RI US',200506,100,694
COOP:379423,'WOONSOCKET RI US',200507,403,728
COOP:379423,'WOONSOCKET RI US',200508,402,739
COOP:379423,'WOONSOCKET RI US',200509,252,667
COOP:379423,'WOONSOCKET RI US',200510,1571,533
COOP:379423,'WOONSOCKET RI US',200511,413,443
COOP:379423,'WOONSOCKET RI US',200512,415,296
COOP:379423,'WOONSOCKET RI US',200601,522,346
COOP:379423,'WOONSOCKET RI US',200602,346,300
COOP:379423,'WOONSOCKET RI US',200603,41,366
COOP:379423,'WOONSOCKET RI US',200604,233,495
COOP:379423,'WOONSOCKET RI US',200605,768,569
COOP:379423,'WOONSOCKET RI US',200606,1275,676
COOP:379423,'WOONSOCKET RI US',200607,212,752
COOP:379423,'WOONSOCKET RI US',200608,519,700
COOP:379423,'WOONSOCKET RI US',200609,291,620
COOP:379423,'WOONSOCKET RI US',200610,757,512
COOP:379423,'WOONSOCKET RI US',200611,749,465
COOP:379423,'WOONSOCKET RI US',200612,221,383
COOP:379423,'WOONSOCKET RI US',200701,276,313
COOP:379423,'WOONSOCKET RI US',200702,238,244
COOP:379423,'WOONSOCKET RI US',200703,629,363
COOP:379423,'WOONSOCKET RI US',200704,816,447
COOP:379423,'WOONSOCKET RI US',200705,384,600
COOP:379423,'WOONSOCKET RI US',200706,409,668
COOP:379423,'WOONSOCKET RI US',200707,383,720
COOP:379423,'WOONSOCKET RI US',200708,84,715
COOP:379423,'WOONSOCKET RI US',200709,263,658
COOP:379423,'WOONSOCKET RI US',200710,242,575
COOP:379423,'WOONSOCKET RI US',200711,285,407
COOP:379423,'WOONSOCKET RI US',200712,639,286
COOP:379423,'WOONSOCKET RI US',200801,385,296
COOP:379423,'WOONSOCKET RI US',200802,876,307
COOP:379423,'WOONSOCKET RI US',200803,562,365
COOP:379423,'WOONSOCKET RI US',200804,428,495
COOP:379423,'WOONSOCKET RI US',200805,215,554
COOP:379423,'WOONSOCKET RI US',200806,239,688
COOP:379423,'WOONSOCKET RI US',200807,542,742
COOP:379423,'WOONSOCKET RI US',200808,363,689
COOP:379423,'WOONSOCKET RI US',200809,905,636
COOP:379423,'WOONSOCKET RI US',200810,263,507
COOP:379423,'WOONSOCKET RI US',200811,371,412
COOP:379423,'WOONSOCKET RI US',200812,868,333
COOP:379423,'WOONSOCKET RI US',200901,460,214
COOP:379423,'WOONSOCKET RI US',200902,213,308
COOP:379423,'WOONSOCKET RI US',200903,327,364
COOP:379423,'WOONSOCKET RI US',200904,557,496
COOP:379423,'WOONSOCKET RI US',200905,255,589
COOP:379423,'WOONSOCKET RI US',200906,419,636
COOP:379423,'WOONSOCKET RI US',200907,843,691
COOP:379423,'WOONSOCKET RI US',200908,323,725
COOP:379423,'WOONSOCKET RI US',200909,234,617
COOP:379423,'WOONSOCKET RI US',200910,641,495
COOP:379423,'WOONSOCKET RI US',200911,497,471
COOP:379423,'WOONSOCKET RI US',200912,680,311
COOP:379423,'WOONSOCKET RI US',201001,440,272
COOP:379423,'WOONSOCKET RI US',201002,542,308
COOP:379423,'WOONSOCKET RI US',201003,1362,429
COOP:379423,'WOONSOCKET RI US',201004,196,518
COOP:379423,'WOONSOCKET RI US',201005,326,625
COOP:379423,'WOONSOCKET RI US',201006,363,703
COOP:379423,'WOONSOCKET RI US',201007,233,763
COOP:379423,'WOONSOCKET RI US',201008,466,719
COOP:379423,'WOONSOCKET RI US',201009,356,671
COOP:379423,'WOONSOCKET RI US',201010,510,535
COOP:379423,'WOONSOCKET RI US',201011,412,429
COOP:379423,'WOONSOCKET RI US',201012,674,297
COOP:379423,'WOONSOCKET RI US',201102,476,281
COOP:379423,'WOONSOCKET RI US',201103,290,384
COOP:379423,'WOONSOCKET RI US',201104,553,505
COOP:379423,'WOONSOCKET RI US',201105,254,600
COOP:379423,'WOONSOCKET RI US',201106,473,677
COOP:379423,'WOONSOCKET RI US',201107,247,750
COOP:379423,'WOONSOCKET RI US',201108,982,725
COOP:379423,'WOONSOCKET RI US',201109,753,669
COOP:379423,'WOONSOCKET RI US',201110,823,545
COOP:379423,'WOONSOCKET RI US',201111,449,472
COOP:379423,'WOONSOCKET RI US',201112,457,380
COOP:379423,'WOONSOCKET RI US',201201,445,313
COOP:379423,'WOONSOCKET RI US',201202,62,358
COOP:379423,'WOONSOCKET RI US',201203,200,462
COOP:379423,'WOONSOCKET RI US',201204,409,510
COOP:379423,'WOONSOCKET RI US',201205,392,618
COOP:379423,'WOONSOCKET RI US',201206,457,667
COOP:379423,'WOONSOCKET RI US',201207,573,750
COOP:379423,'WOONSOCKET RI US',201208,328,737
COOP:379423,'WOONSOCKET RI US',201209,513,647
COOP:379423,'WOONSOCKET RI US',201210,633,554
COOP:379423,'WOONSOCKET RI US',201211,104,405
COOP:379423,'WOONSOCKET RI US',201212,626,363
COOP:379423,'WOONSOCKET RI US',201301,193,309
COOP:379423,'WOONSOCKET RI US',201302,585,302
COOP:379423,'WOONSOCKET RI US',201303,250,370
COOP:379423,'WOONSOCKET RI US',201304,168,491
COOP:379423,'WOONSOCKET RI US',201305,341,599
COOP:379423,'WOONSOCKET RI US',201306,1083,687
COOP:379423,'WOONSOCKET RI US',201307,426,775
COOP:379423,'WOONSOCKET RI US',201308,313,695
COOP:379423,'WOONSOCKET RI US',201309,434,637
COOP:379423,'WOONSOCKET RI US',201310,161,538
COOP:379423,'WOONSOCKET RI US',201311,422,410
COOP:379423,'WOONSOCKET RI US',201312,401,317
COOP:379423,'WOONSOCKET RI US',201401,344,250
COOP:379423,'WOONSOCKET RI US',201402,516,266
COOP:379423,'WOONSOCKET RI US',201403,467,315
COOP:379423,'WOONSOCKET RI US',201404,400,480
COOP:379423,'WOONSOCKET RI US',201405,343,593
COOP:379423,'WOONSOCKET RI US',201406,252,671
COOP:379423,'WOONSOCKET RI US',201407,312,733
COOP:374266,'KINGSTON RI US',200001,480,292
COOP:374266,'KINGSTON RI US',200002,346,352
COOP:374266,'KINGSTON RI US',200003,708,431
COOP:374266,'KINGSTON RI US',200004,641,473
COOP:374266,'KINGSTON RI US',200005,274,584
COOP:374266,'KINGSTON RI US',200006,586,677
COOP:374266,'KINGSTON RI US',200007,445,692
COOP:374266,'KINGSTON RI US',200008,485,696
COOP:374266,'KINGSTON RI US',200009,717,638
COOP:374266,'KINGSTON RI US',200010,69,531
COOP:374266,'KINGSTON RI US',200011,500,433
COOP:374266,'KINGSTON RI US',200012,459,305
COOP:374266,'KINGSTON RI US',200101,324,292
COOP:374266,'KINGSTON RI US',200102,304,335
COOP:374266,'KINGSTON RI US',200103,1229,364
COOP:374266,'KINGSTON RI US',200104,240,483
COOP:374266,'KINGSTON RI US',200105,631,598
COOP:374266,'KINGSTON RI US',200106,552,697
COOP:374266,'KINGSTON RI US',200107,340,690
COOP:374266,'KINGSTON RI US',200108,342,736
COOP:374266,'KINGSTON RI US',200109,325,646
COOP:374266,'KINGSTON RI US',200110,235,546
COOP:374266,'KINGSTON RI US',200111,95,476
COOP:374266,'KINGSTON RI US',200112,268,394
COOP:374266,'KINGSTON RI US',200201,294,351
COOP:374266,'KINGSTON RI US',200202,149,365
COOP:374266,'KINGSTON RI US',200203,533,405
COOP:374266,'KINGSTON RI US',200204,422,506
COOP:374266,'KINGSTON RI US',200205,550,555
COOP:374266,'KINGSTON RI US',200206,456,648
COOP:374266,'KINGSTON RI US',200207,76,724
COOP:374266,'KINGSTON RI US',200208,148,726
COOP:374266,'KINGSTON RI US',200209,567,658
COOP:374266,'KINGSTON RI US',200210,775,522
COOP:374266,'KINGSTON RI US',200211,623,426
COOP:374266,'KINGSTON RI US',200212,516,330
COOP:374266,'KINGSTON RI US',200301,221,253
COOP:374266,'KINGSTON RI US',200302,368,265
COOP:374266,'KINGSTON RI US',200303,527,386
COOP:374266,'KINGSTON RI US',200304,549,458
COOP:374266,'KINGSTON RI US',200305,315,546
COOP:374266,'KINGSTON RI US',200306,578,650
COOP:374266,'KINGSTON RI US',200307,364,718
COOP:374266,'KINGSTON RI US',200308,746,735
COOP:374266,'KINGSTON RI US',200309,368,655
COOP:374266,'KINGSTON RI US',200310,599,513
COOP:374266,'KINGSTON RI US',200311,233,463
COOP:374266,'KINGSTON RI US',200312,580,359
COOP:374266,'KINGSTON RI US',200401,166,219
COOP:374266,'KINGSTON RI US',200402,276,321
COOP:374266,'KINGSTON RI US',200403,334,388
COOP:374266,'KINGSTON RI US',200404,846,488
COOP:374266,'KINGSTON RI US',200405,271,601
COOP:374266,'KINGSTON RI US',200406,206,653
COOP:374266,'KINGSTON RI US',200407,244,701
COOP:374266,'KINGSTON RI US',200408,620,700
COOP:374266,'KINGSTON RI US',200410,306,519
COOP:374266,'KINGSTON RI US',200412,518,345
COOP:374266,'KINGSTON RI US',200501,455,276
COOP:374266,'KINGSTON RI US',200502,292,312
COOP:374266,'KINGSTON RI US',200503,608,341
COOP:374266,'KINGSTON RI US',200504,493,485
COOP:374266,'KINGSTON RI US',200505,544,525
COOP:374266,'KINGSTON RI US',200506,155,682
COOP:374266,'KINGSTON RI US',200507,95,721
COOP:374266,'KINGSTON RI US',200508,618,738
COOP:374266,'KINGSTON RI US',200509,293,665
COOP:374266,'KINGSTON RI US',200510,1491,545
COOP:374266,'KINGSTON RI US',200511,699,465
COOP:374266,'KINGSTON RI US',200512,502,324
COOP:374266,'KINGSTON RI US',200601,689,368
COOP:374266,'KINGSTON RI US',200602,244,319
COOP:374266,'KINGSTON RI US',200603,72,374
COOP:374266,'KINGSTON RI US',200604,356,489
COOP:374266,'KINGSTON RI US',200605,775,571
COOP:374266,'KINGSTON RI US',200606,1020,674
COOP:374266,'KINGSTON RI US',200607,390,744
COOP:374266,'KINGSTON RI US',200608,484,699
COOP:374266,'KINGSTON RI US',200609,391,617
COOP:374266,'KINGSTON RI US',200610,842,520
COOP:374266,'KINGSTON RI US',200611,616,479
COOP:374266,'KINGSTON RI US',200612,265,405
COOP:374266,'KINGSTON RI US',200701,602,344
COOP:374266,'KINGSTON RI US',200702,289,270
COOP:374266,'KINGSTON RI US',200703,634,379
COOP:374266,'KINGSTON RI US',200704,903,454
COOP:374266,'KINGSTON RI US',200705,243,591
COOP:374266,'KINGSTON RI US',200706,249,670
COOP:374266,'KINGSTON RI US',200707,293,713
COOP:374266,'KINGSTON RI US',200708,199,707
COOP:374266,'KINGSTON RI US',200709,175,646
COOP:374266,'KINGSTON RI US',200710,236,581
COOP:374266,'KINGSTON RI US',200711,367,413
COOP:374266,'KINGSTON RI US',200712,478,320
COOP:374266,'KINGSTON RI US',200801,252,325
COOP:374266,'KINGSTON RI US',200802,626,334
COOP:374266,'KINGSTON RI US',200803,614,388
COOP:374266,'KINGSTON RI US',200804,474,494
COOP:374266,'KINGSTON RI US',200805,285,552
COOP:374266,'KINGSTON RI US',200806,315,695
COOP:374266,'KINGSTON RI US',200807,366,741
COOP:374266,'KINGSTON RI US',200808,419,682
COOP:374266,'KINGSTON RI US',200809,1015,642
COOP:374266,'KINGSTON RI US',200810,219,517
COOP:374266,'KINGSTON RI US',200811,410,424
COOP:374266,'KINGSTON RI US',200812,788,362
COOP:374266,'KINGSTON RI US',200901,413,246
COOP:374266,'KINGSTON RI US',200902,217,339
COOP:374266,'KINGSTON RI US',200903,251,382
COOP:374266,'KINGSTON RI US',200904,686,500
COOP:374266,'KINGSTON RI US',200905,406,586
COOP:374266,'KINGSTON RI US',200906,477,644
COOP:374266,'KINGSTON RI US',200907,1207,698
COOP:374266,'KINGSTON RI US',200908,252,737
COOP:374266,'KINGSTON RI US',200909,217,621
COOP:374266,'KINGSTON RI US',200910,706,512
COOP:374266,'KINGSTON RI US',200911,390,482
COOP:374266,'KINGSTON RI US',200912,740,333
COOP:374266,'KINGSTON RI US',201001,339,293
COOP:374266,'KINGSTON RI US',201002,553,320
COOP:374266,'KINGSTON RI US',201003,1937,436
COOP:374266,'KINGSTON RI US',201004,196,525
COOP:374266,'KINGSTON RI US',201005,210,613
COOP:374266,'KINGSTON RI US',201006,456,696
COOP:374266,'KINGSTON RI US',201007,390,747
COOP:374266,'KINGSTON RI US',201008,333,704
COOP:374266,'KINGSTON RI US',201009,277,654
COOP:374266,'KINGSTON RI US',201010,382,523
COOP:374266,'KINGSTON RI US',201011,449,435
COOP:374266,'KINGSTON RI US',201012,474,311
COOP:374266,'KINGSTON RI US',201101,434,258
COOP:374266,'KINGSTON RI US',201102,505,304
COOP:374266,'KINGSTON RI US',201103,211,395
COOP:374266,'KINGSTON RI US',201104,607,494
COOP:374266,'KINGSTON RI US',201105,339,594
COOP:374266,'KINGSTON RI US',201106,437,666
COOP:374266,'KINGSTON RI US',201107,193,743
COOP:374266,'KINGSTON RI US',201108,758,711
COOP:374266,'KINGSTON RI US',201109,694,671
COOP:374266,'KINGSTON RI US',201110,839,561
COOP:374266,'KINGSTON RI US',201111,550,475
COOP:374266,'KINGSTON RI US',201112,405,398
COOP:374266,'KINGSTON RI US',201201,373,344
COOP:374266,'KINGSTON RI US',201202,134,365
COOP:374266,'KINGSTON RI US',201203,175,462
COOP:374266,'KINGSTON RI US',201204,342,499
COOP:374266,'KINGSTON RI US',201205,509,611
COOP:374266,'KINGSTON RI US',201206,448,666
COOP:374266,'KINGSTON RI US',201207,430,742
COOP:374266,'KINGSTON RI US',201208,589,731
COOP:374266,'KINGSTON RI US',201209,297,642
COOP:374266,'KINGSTON RI US',201210,268,561
COOP:374266,'KINGSTON RI US',201211,110,407
COOP:374266,'KINGSTON RI US',201212,764,385
COOP:374266,'KINGSTON RI US',201301,222,313
COOP:374266,'KINGSTON RI US',201302,507,311
COOP:374266,'KINGSTON RI US',201303,222,376
COOP:374266,'KINGSTON RI US',201304,243,483
COOP:374266,'KINGSTON RI US',201305,413,590
COOP:374266,'KINGSTON RI US',201306,999,684
COOP:374266,'KINGSTON RI US',201307,193,770
COOP:374266,'KINGSTON RI US',201308,455,693
COOP:374266,'KINGSTON RI US',201309,441,629
COOP:374266,'KINGSTON RI US',201310,102,548
COOP:374266,'KINGSTON RI US',201311,493,422
COOP:374266,'KINGSTON RI US',201312,483,342
COOP:374266,'KINGSTON RI US',201401,374,272
COOP:374266,'KINGSTON RI US',201402,467,283
COOP:374266,'KINGSTON RI US',201403,754,343
COOP:374266,'KINGSTON RI US',201404,469,478
COOP:374266,'KINGSTON RI US',201405,379,582
COOP:374266,'KINGSTON RI US',201406,321,657
COOP:374266,'KINGSTON RI US',201407,576,718
COOP:376698,'PROVIDENCE T F GREEN STATE AIRPORT RI US',200001,419,277
COOP:376698,'PROVIDENCE T F GREEN STATE AIRPORT RI US',200002,274,340
COOP:376698,'PROVIDENCE T F GREEN STATE AIRPORT RI US',200003,537,435
COOP:376698,'PROVIDENCE T F GREEN STATE AIRPORT RI US',200004,506,473
COOP:376698,'PROVIDENCE T F GREEN STATE AIRPORT RI US',200005,372,585
COOP:376698,'PROVIDENCE T F GREEN STATE AIRPORT RI US',200006,478,678
COOP:376698,'PROVIDENCE T F GREEN STATE AIRPORT RI US',200007,364,705
COOP:376698,'PROVIDENCE T F GREEN STATE AIRPORT RI US',200008,241,702
COOP:376698,'PROVIDENCE T F GREEN STATE AIRPORT RI US',200009,379,634
COOP:376698,'PROVIDENCE T F GREEN STATE AIRPORT RI US',200010,131,534
COOP:376698,'PROVIDENCE T F GREEN STATE AIRPORT RI US',200011,473,434
COOP:376698,'PROVIDENCE T F GREEN STATE AIRPORT RI US',200012,426,289
COOP:376698,'PROVIDENCE T F GREEN STATE AIRPORT RI US',200101,240,290
COOP:376698,'PROVIDENCE T F GREEN STATE AIRPORT RI US',200102,196,319
COOP:376698,'PROVIDENCE T F GREEN STATE AIRPORT RI US',200103,878,363
COOP:376698,'PROVIDENCE T F GREEN STATE AIRPORT RI US',200104,204,491
COOP:376698,'PROVIDENCE T F GREEN STATE AIRPORT RI US',200105,396,601
COOP:376698,'PROVIDENCE T F GREEN STATE AIRPORT RI US',200106,672,705
COOP:376698,'PROVIDENCE T F GREEN STATE AIRPORT RI US',200107,192,699
COOP:376698,'PROVIDENCE T F GREEN STATE AIRPORT RI US',200108,450,743
COOP:376698,'PROVIDENCE T F GREEN STATE AIRPORT RI US',200109,440,649
COOP:376698,'PROVIDENCE T F GREEN STATE AIRPORT RI US',200110,64,542
COOP:376698,'PROVIDENCE T F GREEN STATE AIRPORT RI US',200111,41,476
COOP:376698,'PROVIDENCE T F GREEN STATE AIRPORT RI US',200112,246,393
COOP:376698,'PROVIDENCE T F GREEN STATE AIRPORT RI US',200201,276,352
COOP:376698,'PROVIDENCE T F GREEN STATE AIRPORT RI US',200202,172,356
COOP:376698,'PROVIDENCE T F GREEN STATE AIRPORT RI US',200203,484,402
COOP:376698,'PROVIDENCE T F GREEN STATE AIRPORT RI US',200204,308,510
COOP:376698,'PROVIDENCE T F GREEN STATE AIRPORT RI US',200205,497,566
COOP:376698,'PROVIDENCE T F GREEN STATE AIRPORT RI US',200206,332,663
COOP:376698,'PROVIDENCE T F GREEN STATE AIRPORT RI US',200207,39,756
COOP:376698,'PROVIDENCE T F GREEN STATE AIRPORT RI US',200208,191,753
COOP:376698,'PROVIDENCE T F GREEN STATE AIRPORT RI US',200209,526,678
COOP:376698,'PROVIDENCE T F GREEN STATE AIRPORT RI US',200210,349,529
COOP:376698,'PROVIDENCE T F GREEN STATE AIRPORT RI US',200211,566,429
COOP:376698,'PROVIDENCE T F GREEN STATE AIRPORT RI US',200212,494,330
COOP:376698,'PROVIDENCE T F GREEN STATE AIRPORT RI US',200301,204,251
COOP:376698,'PROVIDENCE T F GREEN STATE AIRPORT RI US',200302,375,262
COOP:376698,'PROVIDENCE T F GREEN STATE AIRPORT RI US',200303,518,383
COOP:376698,'PROVIDENCE T F GREEN STATE AIRPORT RI US',200304,435,454
COOP:376698,'PROVIDENCE T F GREEN STATE AIRPORT RI US',200305,313,552
COOP:376698,'PROVIDENCE T F GREEN STATE AIRPORT RI US',200306,551,653
COOP:376698,'PROVIDENCE T F GREEN STATE AIRPORT RI US',200307,362,735
COOP:376698,'PROVIDENCE T F GREEN STATE AIRPORT RI US',200308,561,749
COOP:376698,'PROVIDENCE T F GREEN STATE AIRPORT RI US',200309,338,663
COOP:376698,'PROVIDENCE T F GREEN STATE AIRPORT RI US',200310,551,518
COOP:376698,'PROVIDENCE T F GREEN STATE AIRPORT RI US',200311,176,466
COOP:376698,'PROVIDENCE T F GREEN STATE AIRPORT RI US',200312,643,361
COOP:376698,'PROVIDENCE T F GREEN STATE AIRPORT RI US',200401,152,214
COOP:376698,'PROVIDENCE T F GREEN STATE AIRPORT RI US',200402,210,330
COOP:376698,'PROVIDENCE T F GREEN STATE AIRPORT RI US',200403,350,392
COOP:376698,'PROVIDENCE T F GREEN STATE AIRPORT RI US',200404,658,496
COOP:376698,'PROVIDENCE T F GREEN STATE AIRPORT RI US',200405,245,593
COOP:376698,'PROVIDENCE T F GREEN STATE AIRPORT RI US',200406,144,667
COOP:376698,'PROVIDENCE T F GREEN STATE AIRPORT RI US',200407,323,715
COOP:376698,'PROVIDENCE T F GREEN STATE AIRPORT RI US',200408,639,713
COOP:376698,'PROVIDENCE T F GREEN STATE AIRPORT RI US',200409,695,654
COOP:376698,'PROVIDENCE T F GREEN STATE AIRPORT RI US',200410,213,532
COOP:376698,'PROVIDENCE T F GREEN STATE AIRPORT RI US',200411,414,435
COOP:376698,'PROVIDENCE T F GREEN STATE AIRPORT RI US',200412,490,344
COOP:376698,'PROVIDENCE T F GREEN STATE AIRPORT RI US',200501,469,275
COOP:376698,'PROVIDENCE T F GREEN STATE AIRPORT RI US',200502,328,313
COOP:376698,'PROVIDENCE T F GREEN STATE AIRPORT RI US',200503,560,348
COOP:376698,'PROVIDENCE T F GREEN STATE AIRPORT RI US',200504,492,500
COOP:376698,'PROVIDENCE T F GREEN STATE AIRPORT RI US',200505,359,534
COOP:376698,'PROVIDENCE T F GREEN STATE AIRPORT RI US',200506,64,697
COOP:376698,'PROVIDENCE T F GREEN STATE AIRPORT RI US',200507,103,743
COOP:376698,'PROVIDENCE T F GREEN STATE AIRPORT RI US',200508,457,765
COOP:376698,'PROVIDENCE T F GREEN STATE AIRPORT RI US',200509,428,683
COOP:376698,'PROVIDENCE T F GREEN STATE AIRPORT RI US',200510,1538,553
COOP:376698,'PROVIDENCE T F GREEN STATE AIRPORT RI US',200511,560,458
COOP:376698,'PROVIDENCE T F GREEN STATE AIRPORT RI US',200512,434,324
COOP:376698,'PROVIDENCE T F GREEN STATE AIRPORT RI US',200601,511,372
COOP:376698,'PROVIDENCE T F GREEN STATE AIRPORT RI US',200602,275,317
COOP:376698,'PROVIDENCE T F GREEN STATE AIRPORT RI US',200603,57,390
COOP:376698,'PROVIDENCE T F GREEN STATE AIRPORT RI US',200604,319,505
COOP:376698,'PROVIDENCE T F GREEN STATE AIRPORT RI US',200605,726,586
COOP:376698,'PROVIDENCE T F GREEN STATE AIRPORT RI US',200606,924,687
COOP:376698,'PROVIDENCE T F GREEN STATE AIRPORT RI US',200607,205,762
COOP:376698,'PROVIDENCE T F GREEN STATE AIRPORT RI US',200608,374,727
COOP:376698,'PROVIDENCE T F GREEN STATE AIRPORT RI US',200609,318,638
COOP:376698,'PROVIDENCE T F GREEN STATE AIRPORT RI US',200610,712,539
COOP:376698,'PROVIDENCE T F GREEN STATE AIRPORT RI US',200611,769,493
COOP:376698,'PROVIDENCE T F GREEN STATE AIRPORT RI US',200612,240,407
COOP:376698,'PROVIDENCE T F GREEN STATE AIRPORT RI US',200701,351,341
COOP:376698,'PROVIDENCE T F GREEN STATE AIRPORT RI US',200702,233,271
COOP:376698,'PROVIDENCE T F GREEN STATE AIRPORT RI US',200703,648,381
COOP:376698,'PROVIDENCE T F GREEN STATE AIRPORT RI US',200704,792,468
COOP:376698,'PROVIDENCE T F GREEN STATE AIRPORT RI US',200705,242,608
COOP:376698,'PROVIDENCE T F GREEN STATE AIRPORT RI US',200706,323,683
COOP:376698,'PROVIDENCE T F GREEN STATE AIRPORT RI US',200707,396,738
COOP:376698,'PROVIDENCE T F GREEN STATE AIRPORT RI US',200708,108,732
COOP:376698,'PROVIDENCE T F GREEN STATE AIRPORT RI US',200709,255,675
COOP:376698,'PROVIDENCE T F GREEN STATE AIRPORT RI US',200710,181,596
COOP:376698,'PROVIDENCE T F GREEN STATE AIRPORT RI US',200711,289,428
COOP:376698,'PROVIDENCE T F GREEN STATE AIRPORT RI US',200712,463,328
COOP:376698,'PROVIDENCE T F GREEN STATE AIRPORT RI US',200801,293,333
COOP:376698,'PROVIDENCE T F GREEN STATE AIRPORT RI US',200802,704,329
COOP:376698,'PROVIDENCE T F GREEN STATE AIRPORT RI US',200803,647,395
COOP:376698,'PROVIDENCE T F GREEN STATE AIRPORT RI US',200804,405,514
COOP:376698,'PROVIDENCE T F GREEN STATE AIRPORT RI US',200805,195,577
COOP:376698,'PROVIDENCE T F GREEN STATE AIRPORT RI US',200806,248,713
COOP:376698,'PROVIDENCE T F GREEN STATE AIRPORT RI US',200807,528,764
COOP:376698,'PROVIDENCE T F GREEN STATE AIRPORT RI US',200808,185,702
COOP:376698,'PROVIDENCE T F GREEN STATE AIRPORT RI US',200809,1099,654
COOP:376698,'PROVIDENCE T F GREEN STATE AIRPORT RI US',200810,149,522
COOP:376698,'PROVIDENCE T F GREEN STATE AIRPORT RI US',200811,533,426
COOP:376698,'PROVIDENCE T F GREEN STATE AIRPORT RI US',200812,726,353
COOP:376698,'PROVIDENCE T F GREEN STATE AIRPORT RI US',200901,394,242
COOP:376698,'PROVIDENCE T F GREEN STATE AIRPORT RI US',200902,199,329
COOP:376698,'PROVIDENCE T F GREEN STATE AIRPORT RI US',200903,286,377
COOP:376698,'PROVIDENCE T F GREEN STATE AIRPORT RI US',200904,587,499
COOP:376698,'PROVIDENCE T F GREEN STATE AIRPORT RI US',200905,329,587
COOP:376698,'PROVIDENCE T F GREEN STATE AIRPORT RI US',200906,361,645
COOP:376698,'PROVIDENCE T F GREEN STATE AIRPORT RI US',200907,1052,704
COOP:376698,'PROVIDENCE T F GREEN STATE AIRPORT RI US',200908,280,739
COOP:376698,'PROVIDENCE T F GREEN STATE AIRPORT RI US',200909,227,631
COOP:376698,'PROVIDENCE T F GREEN STATE AIRPORT RI US',200910,713,520
COOP:376698,'PROVIDENCE T F GREEN STATE AIRPORT RI US',200911,442,490
COOP:376698,'PROVIDENCE T F GREEN STATE AIRPORT RI US',200912,615,330
COOP:376698,'PROVIDENCE T F GREEN STATE AIRPORT RI US',201001,337,291
COOP:376698,'PROVIDENCE T F GREEN STATE AIRPORT RI US',201002,447,330
COOP:376698,'PROVIDENCE T F GREEN STATE AIRPORT RI US',201003,1634,452
COOP:376698,'PROVIDENCE T F GREEN STATE AIRPORT RI US',201004,218,538
COOP:376698,'PROVIDENCE T F GREEN STATE AIRPORT RI US',201005,252,628
COOP:376698,'PROVIDENCE T F GREEN STATE AIRPORT RI US',201006,419,709
COOP:376698,'PROVIDENCE T F GREEN STATE AIRPORT RI US',201007,368,775
COOP:376698,'PROVIDENCE T F GREEN STATE AIRPORT RI US',201008,243,734
COOP:376698,'PROVIDENCE T F GREEN STATE AIRPORT RI US',201009,238,679
COOP:376698,'PROVIDENCE T F GREEN STATE AIRPORT RI US',201010,402,557
COOP:376698,'PROVIDENCE T F GREEN STATE AIRPORT RI US',201011,392,447
COOP:376698,'PROVIDENCE T F GREEN STATE AIRPORT RI US',201012,404,311
COOP:376698,'PROVIDENCE T F GREEN STATE AIRPORT RI US',201101,375,262
COOP:376698,'PROVIDENCE T F GREEN STATE AIRPORT RI US',201102,480,297
COOP:376698,'PROVIDENCE T F GREEN STATE AIRPORT RI US',201103,254,388
COOP:376698,'PROVIDENCE T F GREEN STATE AIRPORT RI US',201104,541,500
COOP:376698,'PROVIDENCE T F GREEN STATE AIRPORT RI US',201105,291,594
COOP:376698,'PROVIDENCE T F GREEN STATE AIRPORT RI US',201106,405,674
COOP:376698,'PROVIDENCE T F GREEN STATE AIRPORT RI US',201107,341,761
COOP:376698,'PROVIDENCE T F GREEN STATE AIRPORT RI US',201108,802,732
COOP:376698,'PROVIDENCE T F GREEN STATE AIRPORT RI US',201109,660,676
COOP:376698,'PROVIDENCE T F GREEN STATE AIRPORT RI US',201110,647,553
COOP:376698,'PROVIDENCE T F GREEN STATE AIRPORT RI US',201111,479,483
COOP:376698,'PROVIDENCE T F GREEN STATE AIRPORT RI US',201112,395,392
COOP:376698,'PROVIDENCE T F GREEN STATE AIRPORT RI US',201201,340,341
COOP:376698,'PROVIDENCE T F GREEN STATE AIRPORT RI US',201202,149,362
COOP:376698,'PROVIDENCE T F GREEN STATE AIRPORT RI US',201203,131,463
COOP:376698,'PROVIDENCE T F GREEN STATE AIRPORT RI US',201204,350,514
COOP:376698,'PROVIDENCE T F GREEN STATE AIRPORT RI US',201205,424,615
COOP:376698,'PROVIDENCE T F GREEN STATE AIRPORT RI US',201206,501,665
COOP:376698,'PROVIDENCE T F GREEN STATE AIRPORT RI US',201207,274,753
COOP:376698,'PROVIDENCE T F GREEN STATE AIRPORT RI US',201208,397,737
COOP:376698,'PROVIDENCE T F GREEN STATE AIRPORT RI US',201209,543,641
COOP:376698,'PROVIDENCE T F GREEN STATE AIRPORT RI US',201210,363,562
COOP:376698,'PROVIDENCE T F GREEN STATE AIRPORT RI US',201211,91,420
COOP:376698,'PROVIDENCE T F GREEN STATE AIRPORT RI US',201212,555,384
COOP:376698,'PROVIDENCE T F GREEN STATE AIRPORT RI US',201301,193,313
COOP:376698,'PROVIDENCE T F GREEN STATE AIRPORT RI US',201302,503,310
COOP:376698,'PROVIDENCE T F GREEN STATE AIRPORT RI US',201303,294,385
COOP:376698,'PROVIDENCE T F GREEN STATE AIRPORT RI US',201304,168,490
COOP:376698,'PROVIDENCE T F GREEN STATE AIRPORT RI US',201305,302,600
COOP:376698,'PROVIDENCE T F GREEN STATE AIRPORT RI US',201306,1008,695
COOP:376698,'PROVIDENCE T F GREEN STATE AIRPORT RI US',201307,225,784
COOP:376698,'PROVIDENCE T F GREEN STATE AIRPORT RI US',201308,387,709
COOP:376698,'PROVIDENCE T F GREEN STATE AIRPORT RI US',201309,459,635
COOP:376698,'PROVIDENCE T F GREEN STATE AIRPORT RI US',201310,61,550
COOP:376698,'PROVIDENCE T F GREEN STATE AIRPORT RI US',201311,463,418
COOP:376698,'PROVIDENCE T F GREEN STATE AIRPORT RI US',201312,482,333
COOP:376698,'PROVIDENCE T F GREEN STATE AIRPORT RI US',201401,369,267
COOP:376698,'PROVIDENCE T F GREEN STATE AIRPORT RI US',201402,471,284
COOP:376698,'PROVIDENCE T F GREEN STATE AIRPORT RI US',201403,673,340
COOP:376698,'PROVIDENCE T F GREEN STATE AIRPORT RI US',201404,517,485
COOP:376698,'PROVIDENCE T F GREEN STATE AIRPORT RI US',201405,225,591
COOP:376698,'PROVIDENCE T F GREEN STATE AIRPORT RI US',201406,236,678
COOP:376698,'PROVIDENCE T F GREEN STATE AIRPORT RI US',201407,359,741
COOP:375270,'NORTH FOSTER 1 E RI US',200001,431,248
COOP:375270,'NORTH FOSTER 1 E RI US',200002,319,318
COOP:375270,'NORTH FOSTER 1 E RI US',200003,472,420
COOP:375270,'NORTH FOSTER 1 E RI US',200004,604,456
COOP:375270,'NORTH FOSTER 1 E RI US',200005,458,572
COOP:375270,'NORTH FOSTER 1 E RI US',200006,543,660
COOP:375270,'NORTH FOSTER 1 E RI US',200007,374,676
COOP:375270,'NORTH FOSTER 1 E RI US',200008,269,681
COOP:375270,'NORTH FOSTER 1 E RI US',200009,358,613
COOP:375270,'NORTH FOSTER 1 E RI US',200010,172,516
COOP:375270,'NORTH FOSTER 1 E RI US',200011,387,404
COOP:375270,'NORTH FOSTER 1 E RI US',200012,575,256
COOP:375270,'NORTH FOSTER 1 E RI US',200101,267,269
COOP:375270,'NORTH FOSTER 1 E RI US',200102,302,288
COOP:375270,'NORTH FOSTER 1 E RI US',200103,963,339
COOP:375270,'NORTH FOSTER 1 E RI US',200104,191,483
COOP:375270,'NORTH FOSTER 1 E RI US',200105,472,589
COOP:375270,'NORTH FOSTER 1 E RI US',200106,841,689
COOP:375270,'NORTH FOSTER 1 E RI US',200107,268,675
COOP:375270,'NORTH FOSTER 1 E RI US',200108,631,726
COOP:375270,'NORTH FOSTER 1 E RI US',200109,291,631
COOP:375270,'NORTH FOSTER 1 E RI US',200110,75,534
COOP:375270,'NORTH FOSTER 1 E RI US',200111,106,461
COOP:375270,'NORTH FOSTER 1 E RI US',200112,280,364
COOP:375270,'NORTH FOSTER 1 E RI US',200201,320,336
COOP:375270,'NORTH FOSTER 1 E RI US',200202,241,338
COOP:375270,'NORTH FOSTER 1 E RI US',200203,433,386
COOP:375270,'NORTH FOSTER 1 E RI US',200204,370,506
COOP:375270,'NORTH FOSTER 1 E RI US',200205,554,558
COOP:375270,'NORTH FOSTER 1 E RI US',200206,509,644
COOP:375270,'NORTH FOSTER 1 E RI US',200207,195,708
COOP:375270,'NORTH FOSTER 1 E RI US',200208,359,709
COOP:375270,'NORTH FOSTER 1 E RI US',200209,500,643
COOP:375270,'NORTH FOSTER 1 E RI US',200210,378,487
COOP:375270,'NORTH FOSTER 1 E RI US',200211,651,394
COOP:375270,'NORTH FOSTER 1 E RI US',200212,653,295
COOP:375270,'NORTH FOSTER 1 E RI US',200301,289,207
COOP:375270,'NORTH FOSTER 1 E RI US',200302,484,236
COOP:375270,'NORTH FOSTER 1 E RI US',200303,574,363
COOP:375270,'NORTH FOSTER 1 E RI US',200304,397,437
COOP:375270,'NORTH FOSTER 1 E RI US',200305,450,542
COOP:375270,'NORTH FOSTER 1 E RI US',200306,646,638
COOP:375270,'NORTH FOSTER 1 E RI US',200307,326,708
COOP:375270,'NORTH FOSTER 1 E RI US',200308,477,717
COOP:375270,'NORTH FOSTER 1 E RI US',200309,596,630
COOP:375270,'NORTH FOSTER 1 E RI US',200310,742,492
COOP:375270,'NORTH FOSTER 1 E RI US',200311,202,436
COOP:375270,'NORTH FOSTER 1 E RI US',200312,677,325
COOP:375270,'NORTH FOSTER 1 E RI US',200401,220,173
COOP:375270,'NORTH FOSTER 1 E RI US',200402,212,287
COOP:375270,'NORTH FOSTER 1 E RI US',200403,429,368
COOP:375270,'NORTH FOSTER 1 E RI US',200404,883,480
COOP:375270,'NORTH FOSTER 1 E RI US',200405,314,587
COOP:375270,'NORTH FOSTER 1 E RI US',200406,156,638
COOP:375270,'NORTH FOSTER 1 E RI US',200407,326,689
COOP:375270,'NORTH FOSTER 1 E RI US',200408,765,686
COOP:375270,'NORTH FOSTER 1 E RI US',200409,685,623
COOP:375270,'NORTH FOSTER 1 E RI US',200410,190,498
COOP:375270,'NORTH FOSTER 1 E RI US',200411,499,406
COOP:375270,'NORTH FOSTER 1 E RI US',200412,551,309
COOP:375270,'NORTH FOSTER 1 E RI US',200501,569,235
COOP:375270,'NORTH FOSTER 1 E RI US',200502,362,294
COOP:375270,'NORTH FOSTER 1 E RI US',200503,500,319
COOP:375270,'NORTH FOSTER 1 E RI US',200504,661,487
COOP:375270,'NORTH FOSTER 1 E RI US',200505,397,518
COOP:375270,'NORTH FOSTER 1 E RI US',200506,163,679
COOP:375270,'NORTH FOSTER 1 E RI US',200507,247,707
COOP:375270,'NORTH FOSTER 1 E RI US',200508,284,723
COOP:375270,'NORTH FOSTER 1 E RI US',200509,210,647
COOP:375270,'NORTH FOSTER 1 E RI US',200510,1670,525
COOP:375270,'NORTH FOSTER 1 E RI US',200511,466,429
COOP:375270,'NORTH FOSTER 1 E RI US',200512,388,285
COOP:375270,'NORTH FOSTER 1 E RI US',200601,583,339
COOP:375270,'NORTH FOSTER 1 E RI US',200602,349,288
COOP:375270,'NORTH FOSTER 1 E RI US',200603,53,368
COOP:375270,'NORTH FOSTER 1 E RI US',200604,285,489
COOP:375270,'NORTH FOSTER 1 E RI US',200605,708,562
COOP:375270,'NORTH FOSTER 1 E RI US',200606,1322,663
COOP:375270,'NORTH FOSTER 1 E RI US',200607,275,729
COOP:375270,'NORTH FOSTER 1 E RI US',200608,473,675
COOP:375270,'NORTH FOSTER 1 E RI US',200609,227,603
COOP:375270,'NORTH FOSTER 1 E RI US',200610,631,503
COOP:375270,'NORTH FOSTER 1 E RI US',200611,741,461
COOP:375270,'NORTH FOSTER 1 E RI US',200612,244,373
COOP:375270,'NORTH FOSTER 1 E RI US',200701,312,303
COOP:375270,'NORTH FOSTER 1 E RI US',200702,228,231
COOP:375270,'NORTH FOSTER 1 E RI US',200703,665,355
COOP:375270,'NORTH FOSTER 1 E RI US',200704,826,446
COOP:375270,'NORTH FOSTER 1 E RI US',200705,336,586
COOP:375270,'NORTH FOSTER 1 E RI US',200706,377,646
COOP:375270,'NORTH FOSTER 1 E RI US',200707,402,697
COOP:375270,'NORTH FOSTER 1 E RI US',200708,163,688
COOP:375270,'NORTH FOSTER 1 E RI US',200709,332,634
COOP:375270,'NORTH FOSTER 1 E RI US',200710,341,567
COOP:375270,'NORTH FOSTER 1 E RI US',200711,321,388
COOP:375270,'NORTH FOSTER 1 E RI US',200712,633,288
COOP:375270,'NORTH FOSTER 1 E RI US',200801,412,292
COOP:375270,'NORTH FOSTER 1 E RI US',200802,831,295
COOP:375270,'NORTH FOSTER 1 E RI US',200803,593,364
COOP:375270,'NORTH FOSTER 1 E RI US',200804,403,494
COOP:375270,'NORTH FOSTER 1 E RI US',200805,253,546
COOP:375270,'NORTH FOSTER 1 E RI US',200806,273,676
COOP:375270,'NORTH FOSTER 1 E RI US',200807,522,720
COOP:375270,'NORTH FOSTER 1 E RI US',200808,401,666
COOP:375270,'NORTH FOSTER 1 E RI US',200809,825,617
COOP:375270,'NORTH FOSTER 1 E RI US',200810,210,495
COOP:375270,'NORTH FOSTER 1 E RI US',200811,463,400
COOP:375270,'NORTH FOSTER 1 E RI US',200812,903,318
COOP:375270,'NORTH FOSTER 1 E RI US',200901,344,208
COOP:375270,'NORTH FOSTER 1 E RI US',200902,235,302
COOP:375270,'NORTH FOSTER 1 E RI US',200903,323,362
COOP:375270,'NORTH FOSTER 1 E RI US',200904,528,493
COOP:375270,'NORTH FOSTER 1 E RI US',200905,309,575
COOP:375270,'NORTH FOSTER 1 E RI US',200906,481,623
COOP:375270,'NORTH FOSTER 1 E RI US',200907,932,675
COOP:375270,'NORTH FOSTER 1 E RI US',200908,197,707
COOP:375270,'NORTH FOSTER 1 E RI US',200909,188,599
COOP:375270,'NORTH FOSTER 1 E RI US',200910,699,489
COOP:375270,'NORTH FOSTER 1 E RI US',200911,442,458
COOP:375270,'NORTH FOSTER 1 E RI US',200912,629,291
COOP:375270,'NORTH FOSTER 1 E RI US',201001,384,262
COOP:375270,'NORTH FOSTER 1 E RI US',201002,547,292
COOP:375270,'NORTH FOSTER 1 E RI US',201003,1635,425
COOP:375270,'NORTH FOSTER 1 E RI US',201004,228,513
COOP:375270,'NORTH FOSTER 1 E RI US',201005,399,599
COOP:375270,'NORTH FOSTER 1 E RI US',201006,452,669
COOP:375270,'NORTH FOSTER 1 E RI US',201007,563,725
COOP:375270,'NORTH FOSTER 1 E RI US',201008,439,686
COOP:375270,'NORTH FOSTER 1 E RI US',201009,486,633
COOP:375270,'NORTH FOSTER 1 E RI US',201010,469,509
COOP:375270,'NORTH FOSTER 1 E RI US',201011,364,411
COOP:375270,'NORTH FOSTER 1 E RI US',201012,508,281
COOP:375270,'NORTH FOSTER 1 E RI US',201102,482,273
COOP:375270,'NORTH FOSTER 1 E RI US',201103,330,361
COOP:375270,'NORTH FOSTER 1 E RI US',201104,527,488
COOP:375270,'NORTH FOSTER 1 E RI US',201105,288,588
COOP:375270,'NORTH FOSTER 1 E RI US',201106,434,652
COOP:375270,'NORTH FOSTER 1 E RI US',201107,294,726
COOP:375270,'NORTH FOSTER 1 E RI US',201108,1178,700
COOP:375270,'NORTH FOSTER 1 E RI US',201109,717,655
COOP:375270,'NORTH FOSTER 1 E RI US',201110,808,527
COOP:375270,'NORTH FOSTER 1 E RI US',201111,442,473
COOP:375270,'NORTH FOSTER 1 E RI US',201112,501,367
COOP:375270,'NORTH FOSTER 1 E RI US',201201,350,314
COOP:375270,'NORTH FOSTER 1 E RI US',201202,146,345
COOP:375270,'NORTH FOSTER 1 E RI US',201203,150,454
COOP:375270,'NORTH FOSTER 1 E RI US',201204,325,501
COOP:375270,'NORTH FOSTER 1 E RI US',201205,440,608
COOP:375270,'NORTH FOSTER 1 E RI US',201206,488,646
COOP:375270,'NORTH FOSTER 1 E RI US',201207,312,719
COOP:375270,'NORTH FOSTER 1 E RI US',201208,375,712
COOP:375270,'NORTH FOSTER 1 E RI US',201209,552,617
COOP:375270,'NORTH FOSTER 1 E RI US',201210,547,538
COOP:375270,'NORTH FOSTER 1 E RI US',201211,97,393
COOP:375270,'NORTH FOSTER 1 E RI US',201212,578,358
COOP:375270,'NORTH FOSTER 1 E RI US',201301,225,284
COOP:375270,'NORTH FOSTER 1 E RI US',201302,589,286
COOP:375270,'NORTH FOSTER 1 E RI US',201303,260,359
COOP:375270,'NORTH FOSTER 1 E RI US',201304,215,474
COOP:375270,'NORTH FOSTER 1 E RI US',201305,474,584
COOP:375270,'NORTH FOSTER 1 E RI US',201306,1115,670
COOP:375270,'NORTH FOSTER 1 E RI US',201307,501,750
COOP:375270,'NORTH FOSTER 1 E RI US',201308,315,677
COOP:375270,'NORTH FOSTER 1 E RI US',201309,247,607
COOP:375270,'NORTH FOSTER 1 E RI US',201310,56,527
COOP:375270,'NORTH FOSTER 1 E RI US',201311,409,394
COOP:375270,'NORTH FOSTER 1 E RI US',201312,383,308
COOP:375270,'NORTH FOSTER 1 E RI US',201401,399,240
COOP:375270,'NORTH FOSTER 1 E RI US',201402,508,252
COOP:375270,'NORTH FOSTER 1 E RI US',201403,490,310
COOP:375270,'NORTH FOSTER 1 E RI US',201404,518,461
COOP:375270,'NORTH FOSTER 1 E RI US',201405,364,574
COOP:375270,'NORTH FOSTER 1 E RI US',201406,213,657
COOP:375270,'NORTH FOSTER 1 E RI US',201407,315,707
COOP:375215,'NEWPORT ROSE RI US',200001,364,292
COOP:375215,'NEWPORT ROSE RI US',200002,346,343
COOP:375215,'NEWPORT ROSE RI US',200003,523,425
COOP:375215,'NEWPORT ROSE RI US',200004,559,464
COOP:375215,'NEWPORT ROSE RI US',200005,289,567
COOP:375215,'NEWPORT ROSE RI US',200006,416,631
COOP:375215,'NEWPORT ROSE RI US',200007,424,695
COOP:375215,'NEWPORT ROSE RI US',200009,533,647
COOP:375215,'NEWPORT ROSE RI US',200010,79,553
COOP:375215,'NEWPORT ROSE RI US',200011,403,455
COOP:375215,'NEWPORT ROSE RI US',200012,512,313
COOP:375215,'NEWPORT ROSE RI US',200101,309,317
COOP:375215,'NEWPORT ROSE RI US',200102,204,340
COOP:375215,'NEWPORT ROSE RI US',200103,1002,376
COOP:375215,'NEWPORT ROSE RI US',200104,229,474
COOP:375215,'NEWPORT ROSE RI US',200105,422,586
COOP:375215,'NEWPORT ROSE RI US',200106,513,679
COOP:375215,'NEWPORT ROSE RI US',200107,342,684
COOP:375215,'NEWPORT ROSE RI US',200108,336,728
COOP:375215,'NEWPORT ROSE RI US',200109,222,659
COOP:375215,'NEWPORT ROSE RI US',200110,252,556
COOP:375215,'NEWPORT ROSE RI US',200111,123,494
COOP:375215,'NEWPORT ROSE RI US',200112,282,416
COOP:375215,'NEWPORT ROSE RI US',200201,367,371
COOP:375215,'NEWPORT ROSE RI US',200202,184,375
COOP:375215,'NEWPORT ROSE RI US',200203,481,397
COOP:375215,'NEWPORT ROSE RI US',200204,498,492
COOP:375215,'NEWPORT ROSE RI US',200205,643,544
COOP:375215,'NEWPORT ROSE RI US',200206,442,640
COOP:375215,'NEWPORT ROSE RI US',200207,135,715
COOP:375215,'NEWPORT ROSE RI US',200208,85,721
COOP:375215,'NEWPORT ROSE RI US',200209,627,669
COOP:375215,'NEWPORT ROSE RI US',200210,442,545
COOP:375215,'NEWPORT ROSE RI US',200211,663,445
COOP:375215,'NEWPORT ROSE RI US',200212,554,350
COOP:375215,'NEWPORT ROSE RI US',200301,261,264
COOP:375215,'NEWPORT ROSE RI US',200302,389,280
COOP:375215,'NEWPORT ROSE RI US',200309,303,665
COOP:375215,'NEWPORT ROSE RI US',200310,696,539
COOP:375215,'NEWPORT ROSE RI US',200311,265,472
COOP:375215,'NEWPORT ROSE RI US',200312,397,370
